DriverNumber,BroadcastName,Abbreviation,DriverId,TeamName,TeamColor,TeamId,FirstName,LastName,FullName,HeadshotUrl,CountryCode,Position,ClassifiedPosition,GridPosition,Q1,Q2,Q3,Time,Status,Points,raceID,year,EventName,Location
77,V BOTTAS,BOT,bottas,Mercedes,00d2be,mercedes,Valtteri,Bottas,Valtteri Bottas,,,1.0,1,2.0,,,,0 days 01:25:27.325000,Finished,26.0,1,2019,Australian,Melbourne
44,L HAMILTON,HAM,hamilton,Mercedes,00d2be,mercedes,Lewis,Hamilton,Lewis Hamilton,,,2.0,2,1.0,,,,0 days 00:00:20.886000,Finished,18.0,1,2019,Australian,Melbourne
33,M VERSTAPPEN,VER,max_verstappen,Red Bull Racing,1e41ff,red_bull,Max,Verstappen,Max Verstappen,,,3.0,3,4.0,,,,0 days 00:00:22.520000,Finished,15.0,1,2019,Australian,Melbourne
5,S VETTEL,VET,vettel,Ferrari,dc0000,ferrari,Sebastian,Vettel,Sebastian Vettel,,,4.0,4,3.0,,,,0 days 00:00:57.109000,Finished,12.0,1,2019,Australian,Melbourne
16,C LECLERC,LEC,leclerc,Ferrari,dc0000,ferrari,Charles,Leclerc,Charles Leclerc,,,5.0,5,5.0,,,,0 days 00:00:58.203000,Finished,10.0,1,2019,Australian,Melbourne
20,K MAGNUSSEN,MAG,kevin_magnussen,Haas F1 Team,bd9e57,haas,Kevin,Magnussen,Kevin Magnussen,,,6.0,6,7.0,,,,0 days 00:01:27.156000,Finished,8.0,1,2019,Australian,Melbourne
27,N HULKENBERG,HUL,hulkenberg,Renault,fff500,renault,Nico,Hulkenberg,Nico Hulkenberg,,,7.0,7,11.0,,,,,+1 Lap,6.0,1,2019,Australian,Melbourne
7,K RAIKKONEN,RAI,raikkonen,Alfa Romeo Racing,9b0000,alfa,Kimi,Räikkönen,Kimi Räikkönen,,,8.0,8,9.0,,,,,+1 Lap,4.0,1,2019,Australian,Melbourne
18,L STROLL,STR,stroll,Racing Point,f596c8,racing_point,Lance,Stroll,Lance Stroll,,,9.0,9,16.0,,,,,+1 Lap,2.0,1,2019,Australian,Melbourne
26,D KVYAT,KVY,kvyat,Toro Rosso,469bff,toro_rosso,Daniil,Kvyat,Daniil Kvyat,,,10.0,10,15.0,,,,,+1 Lap,1.0,1,2019,Australian,Melbourne
10,P GASLY,GAS,gasly,Red Bull Racing,1e41ff,red_bull,Pierre,Gasly,Pierre Gasly,,,11.0,11,17.0,,,,,+1 Lap,0.0,1,2019,Australian,Melbourne
4,L NORRIS,NOR,norris,McLaren,ff8700,mclaren,Lando,Norris,Lando Norris,,,12.0,12,8.0,,,,,+1 Lap,0.0,1,2019,Australian,Melbourne
11,S PEREZ,PER,perez,Racing Point,f596c8,racing_point,Sergio,Perez,Sergio Perez,,,13.0,13,10.0,,,,,+1 Lap,0.0,1,2019,Australian,Melbourne
23,A ALBON,ALB,albon,Toro Rosso,469bff,toro_rosso,Alexander,Albon,Alexander Albon,,,14.0,14,13.0,,,,,+1 Lap,0.0,1,2019,Australian,Melbourne
99,A GIOVINAZZI,GIO,giovinazzi,Alfa Romeo Racing,9b0000,alfa,Antonio,Giovinazzi,Antonio Giovinazzi,,,15.0,15,14.0,,,,,+1 Lap,0.0,1,2019,Australian,Melbourne
63,G RUSSELL,RUS,russell,Williams,ffffff,williams,George,Russell,George Russell,,,16.0,16,19.0,,,,,+2 Laps,0.0,1,2019,Australian,Melbourne
88,R KUBICA,KUB,kubica,Williams,ffffff,williams,Robert,Kubica,Robert Kubica,,,17.0,17,20.0,,,,,+3 Laps,0.0,1,2019,Australian,Melbourne
8,R GROSJEAN,GRO,grosjean,Haas F1 Team,bd9e57,haas,Romain,Grosjean,Romain Grosjean,,,18.0,R,6.0,,,,,Wheel,0.0,1,2019,Australian,Melbourne
3,D RICCIARDO,RIC,ricciardo,Renault,fff500,renault,Daniel,Ricciardo,Daniel Ricciardo,,,19.0,R,12.0,,,,,Damage,0.0,1,2019,Australian,Melbourne
55,C SAINZ,SAI,sainz,McLaren,ff8700,mclaren,Carlos,Sainz,Carlos Sainz,,,20.0,R,18.0,,,,,Engine,0.0,1,2019,Australian,Melbourne
44,L HAMILTON,HAM,hamilton,Mercedes,00d2be,mercedes,Lewis,Hamilton,Lewis Hamilton,,,1.0,1,3.0,,,,0 days 01:34:21.295000,Finished,25.0,2,2019,Bahrain,Sakhir
77,V BOTTAS,BOT,bottas,Mercedes,00d2be,mercedes,Valtteri,Bottas,Valtteri Bottas,,,2.0,2,4.0,,,,0 days 00:00:02.980000,Finished,18.0,2,2019,Bahrain,Sakhir
16,C LECLERC,LEC,leclerc,Ferrari,dc0000,ferrari,Charles,Leclerc,Charles Leclerc,,,3.0,3,1.0,,,,0 days 00:00:06.131000,Finished,16.0,2,2019,Bahrain,Sakhir
33,M VERSTAPPEN,VER,max_verstappen,Red Bull Racing,1e41ff,red_bull,Max,Verstappen,Max Verstappen,,,4.0,4,5.0,,,,0 days 00:00:06.408000,Finished,12.0,2,2019,Bahrain,Sakhir
5,S VETTEL,VET,vettel,Ferrari,dc0000,ferrari,Sebastian,Vettel,Sebastian Vettel,,,5.0,5,2.0,,,,0 days 00:00:36.068000,Finished,10.0,2,2019,Bahrain,Sakhir
4,L NORRIS,NOR,norris,McLaren,ff8700,mclaren,Lando,Norris,Lando Norris,,,6.0,6,9.0,,,,0 days 00:00:45.754000,Finished,8.0,2,2019,Bahrain,Sakhir
7,K RAIKKONEN,RAI,raikkonen,Alfa Romeo Racing,9b0000,alfa,Kimi,Räikkönen,Kimi Räikkönen,,,7.0,7,8.0,,,,0 days 00:00:47.470000,Finished,6.0,2,2019,Bahrain,Sakhir
10,P GASLY,GAS,gasly,Red Bull Racing,1e41ff,red_bull,Pierre,Gasly,Pierre Gasly,,,8.0,8,13.0,,,,0 days 00:00:58.094000,Finished,4.0,2,2019,Bahrain,Sakhir
23,A ALBON,ALB,albon,Toro Rosso,469bff,toro_rosso,Alexander,Albon,Alexander Albon,,,9.0,9,12.0,,,,0 days 00:01:02.697000,Finished,2.0,2,2019,Bahrain,Sakhir
11,S PEREZ,PER,perez,Racing Point,f596c8,racing_point,Sergio,Perez,Sergio Perez,,,10.0,10,14.0,,,,0 days 00:01:03.696000,Finished,1.0,2,2019,Bahrain,Sakhir
99,A GIOVINAZZI,GIO,giovinazzi,Alfa Romeo Racing,9b0000,alfa,Antonio,Giovinazzi,Antonio Giovinazzi,,,11.0,11,16.0,,,,0 days 00:01:04.599000,Finished,0.0,2,2019,Bahrain,Sakhir
26,D KVYAT,KVY,kvyat,Toro Rosso,469bff,toro_rosso,Daniil,Kvyat,Daniil Kvyat,,,12.0,12,15.0,,,,,+1 Lap,0.0,2,2019,Bahrain,Sakhir
20,K MAGNUSSEN,MAG,kevin_magnussen,Haas F1 Team,bd9e57,haas,Kevin,Magnussen,Kevin Magnussen,,,13.0,13,6.0,,,,,+1 Lap,0.0,2,2019,Bahrain,Sakhir
18,L STROLL,STR,stroll,Racing Point,f596c8,racing_point,Lance,Stroll,Lance Stroll,,,14.0,14,18.0,,,,,+1 Lap,0.0,2,2019,Bahrain,Sakhir
63,G RUSSELL,RUS,russell,Williams,ffffff,williams,George,Russell,George Russell,,,15.0,15,19.0,,,,,+1 Lap,0.0,2,2019,Bahrain,Sakhir
88,R KUBICA,KUB,kubica,Williams,ffffff,williams,Robert,Kubica,Robert Kubica,,,16.0,16,20.0,,,,,+2 Laps,0.0,2,2019,Bahrain,Sakhir
27,N HULKENBERG,HUL,hulkenberg,Renault,fff500,renault,Nico,Hulkenberg,Nico Hulkenberg,,,17.0,R,17.0,,,,,Engine,0.0,2,2019,Bahrain,Sakhir
3,D RICCIARDO,RIC,ricciardo,Renault,fff500,renault,Daniel,Ricciardo,Daniel Ricciardo,,,18.0,R,10.0,,,,,Out of fuel,0.0,2,2019,Bahrain,Sakhir
55,C SAINZ,SAI,sainz,McLaren,ff8700,mclaren,Carlos,Sainz,Carlos Sainz,,,19.0,R,7.0,,,,,Collision damage,0.0,2,2019,Bahrain,Sakhir
8,R GROSJEAN,GRO,grosjean,Haas F1 Team,bd9e57,haas,Romain,Grosjean,Romain Grosjean,,,20.0,R,11.0,,,,,Retired,0.0,2,2019,Bahrain,Sakhir
44,L HAMILTON,HAM,hamilton,Mercedes,00d2be,mercedes,Lewis,Hamilton,Lewis Hamilton,,,1.0,1,2.0,,,,0 days 01:32:06.350000,Finished,25.0,3,2019,Chinese,Shanghai
77,V BOTTAS,BOT,bottas,Mercedes,00d2be,mercedes,Valtteri,Bottas,Valtteri Bottas,,,2.0,2,1.0,,,,0 days 00:00:06.552000,Finished,18.0,3,2019,Chinese,Shanghai
5,S VETTEL,VET,vettel,Ferrari,dc0000,ferrari,Sebastian,Vettel,Sebastian Vettel,,,3.0,3,3.0,,,,0 days 00:00:13.774000,Finished,15.0,3,2019,Chinese,Shanghai
33,M VERSTAPPEN,VER,max_verstappen,Red Bull Racing,1e41ff,red_bull,Max,Verstappen,Max Verstappen,,,4.0,4,5.0,,,,0 days 00:00:27.627000,Finished,12.0,3,2019,Chinese,Shanghai
16,C LECLERC,LEC,leclerc,Ferrari,dc0000,ferrari,Charles,Leclerc,Charles Leclerc,,,5.0,5,4.0,,,,0 days 00:00:31.276000,Finished,10.0,3,2019,Chinese,Shanghai
10,P GASLY,GAS,gasly,Red Bull Racing,1e41ff,red_bull,Pierre,Gasly,Pierre Gasly,,,6.0,6,6.0,,,,0 days 00:01:29.307000,Finished,9.0,3,2019,Chinese,Shanghai
3,D RICCIARDO,RIC,ricciardo,Renault,fff500,renault,Daniel,Ricciardo,Daniel Ricciardo,,,7.0,7,7.0,,,,,+1 Lap,6.0,3,2019,Chinese,Shanghai
11,S PEREZ,PER,perez,Racing Point,f596c8,racing_point,Sergio,Perez,Sergio Perez,,,8.0,8,12.0,,,,,+1 Lap,4.0,3,2019,Chinese,Shanghai
7,K RAIKKONEN,RAI,raikkonen,Alfa Romeo Racing,9b0000,alfa,Kimi,Räikkönen,Kimi Räikkönen,,,9.0,9,13.0,,,,,+1 Lap,2.0,3,2019,Chinese,Shanghai
23,A ALBON,ALB,albon,Toro Rosso,469bff,toro_rosso,Alexander,Albon,Alexander Albon,,,10.0,10,0.0,,,,,+1 Lap,1.0,3,2019,Chinese,Shanghai
8,R GROSJEAN,GRO,grosjean,Haas F1 Team,bd9e57,haas,Romain,Grosjean,Romain Grosjean,,,11.0,11,10.0,,,,,+1 Lap,0.0,3,2019,Chinese,Shanghai
18,L STROLL,STR,stroll,Racing Point,f596c8,racing_point,Lance,Stroll,Lance Stroll,,,12.0,12,16.0,,,,,+1 Lap,0.0,3,2019,Chinese,Shanghai
20,K MAGNUSSEN,MAG,kevin_magnussen,Haas F1 Team,bd9e57,haas,Kevin,Magnussen,Kevin Magnussen,,,13.0,13,9.0,,,,,+1 Lap,0.0,3,2019,Chinese,Shanghai
55,C SAINZ,SAI,sainz,McLaren,ff8700,mclaren,Carlos,Sainz,Carlos Sainz,,,14.0,14,14.0,,,,,+1 Lap,0.0,3,2019,Chinese,Shanghai
99,A GIOVINAZZI,GIO,giovinazzi,Alfa Romeo Racing,9b0000,alfa,Antonio,Giovinazzi,Antonio Giovinazzi,,,15.0,15,19.0,,,,,+1 Lap,0.0,3,2019,Chinese,Shanghai
63,G RUSSELL,RUS,russell,Williams,ffffff,williams,George,Russell,George Russell,,,16.0,16,17.0,,,,,+2 Laps,0.0,3,2019,Chinese,Shanghai
88,R KUBICA,KUB,kubica,Williams,ffffff,williams,Robert,Kubica,Robert Kubica,,,17.0,17,18.0,,,,,+2 Laps,0.0,3,2019,Chinese,Shanghai
4,L NORRIS,NOR,norris,McLaren,ff8700,mclaren,Lando,Norris,Lando Norris,,,18.0,18,15.0,,,,,Collision,0.0,3,2019,Chinese,Shanghai
26,D KVYAT,KVY,kvyat,Toro Rosso,469bff,toro_rosso,Daniil,Kvyat,Daniil Kvyat,,,19.0,R,11.0,,,,,Collision,0.0,3,2019,Chinese,Shanghai
27,N HULKENBERG,HUL,hulkenberg,Renault,fff500,renault,Nico,Hulkenberg,Nico Hulkenberg,,,20.0,R,8.0,,,,,Power Unit,0.0,3,2019,Chinese,Shanghai
77,V BOTTAS,BOT,bottas,Mercedes,00d2be,mercedes,Valtteri,Bottas,Valtteri Bottas,,,1.0,1,1.0,,,,0 days 01:31:52.942000,Finished,25.0,4,2019,Azerbaijan,Baku
44,L HAMILTON,HAM,hamilton,Mercedes,00d2be,mercedes,Lewis,Hamilton,Lewis Hamilton,,,2.0,2,2.0,,,,0 days 00:00:01.524000,Finished,18.0,4,2019,Azerbaijan,Baku
5,S VETTEL,VET,vettel,Ferrari,dc0000,ferrari,Sebastian,Vettel,Sebastian Vettel,,,3.0,3,3.0,,,,0 days 00:00:11.739000,Finished,15.0,4,2019,Azerbaijan,Baku
33,M VERSTAPPEN,VER,max_verstappen,Red Bull Racing,1e41ff,red_bull,Max,Verstappen,Max Verstappen,,,4.0,4,4.0,,,,0 days 00:00:17.493000,Finished,12.0,4,2019,Azerbaijan,Baku
16,C LECLERC,LEC,leclerc,Ferrari,dc0000,ferrari,Charles,Leclerc,Charles Leclerc,,,5.0,5,8.0,,,,0 days 00:01:09.107000,Finished,11.0,4,2019,Azerbaijan,Baku
11,S PEREZ,PER,perez,Racing Point,f596c8,racing_point,Sergio,Perez,Sergio Perez,,,6.0,6,5.0,,,,0 days 00:01:16.416000,Finished,8.0,4,2019,Azerbaijan,Baku
55,C SAINZ,SAI,sainz,McLaren,ff8700,mclaren,Carlos,Sainz,Carlos Sainz,,,7.0,7,9.0,,,,0 days 00:01:23.826000,Finished,6.0,4,2019,Azerbaijan,Baku
4,L NORRIS,NOR,norris,McLaren,ff8700,mclaren,Lando,Norris,Lando Norris,,,8.0,8,7.0,,,,0 days 00:01:40.268000,Finished,4.0,4,2019,Azerbaijan,Baku
18,L STROLL,STR,stroll,Racing Point,f596c8,racing_point,Lance,Stroll,Lance Stroll,,,9.0,9,13.0,,,,0 days 00:01:43.816000,Finished,2.0,4,2019,Azerbaijan,Baku
7,K RAIKKONEN,RAI,raikkonen,Alfa Romeo Racing,9b0000,alfa,Kimi,Räikkönen,Kimi Räikkönen,,,10.0,10,0.0,,,,,+1 Lap,1.0,4,2019,Azerbaijan,Baku
23,A ALBON,ALB,albon,Toro Rosso,469bff,toro_rosso,Alexander,Albon,Alexander Albon,,,11.0,11,11.0,,,,,+1 Lap,0.0,4,2019,Azerbaijan,Baku
99,A GIOVINAZZI,GIO,giovinazzi,Alfa Romeo Racing,9b0000,alfa,Antonio,Giovinazzi,Antonio Giovinazzi,,,12.0,12,17.0,,,,,+1 Lap,0.0,4,2019,Azerbaijan,Baku
20,K MAGNUSSEN,MAG,kevin_magnussen,Haas F1 Team,bd9e57,haas,Kevin,Magnussen,Kevin Magnussen,,,13.0,13,12.0,,,,,+1 Lap,0.0,4,2019,Azerbaijan,Baku
27,N HULKENBERG,HUL,hulkenberg,Renault,fff500,renault,Nico,Hulkenberg,Nico Hulkenberg,,,14.0,14,15.0,,,,,+1 Lap,0.0,4,2019,Azerbaijan,Baku
63,G RUSSELL,RUS,russell,Williams,ffffff,williams,George,Russell,George Russell,,,15.0,15,16.0,,,,,+2 Laps,0.0,4,2019,Azerbaijan,Baku
88,R KUBICA,KUB,kubica,Williams,ffffff,williams,Robert,Kubica,Robert Kubica,,,16.0,16,0.0,,,,,+2 Laps,0.0,4,2019,Azerbaijan,Baku
10,P GASLY,GAS,gasly,Red Bull Racing,1e41ff,red_bull,Pierre,Gasly,Pierre Gasly,,,17.0,R,0.0,,,,,Transmission,0.0,4,2019,Azerbaijan,Baku
8,R GROSJEAN,GRO,grosjean,Haas F1 Team,bd9e57,haas,Romain,Grosjean,Romain Grosjean,,,18.0,R,14.0,,,,,Brakes,0.0,4,2019,Azerbaijan,Baku
26,D KVYAT,KVY,kvyat,Toro Rosso,469bff,toro_rosso,Daniil,Kvyat,Daniil Kvyat,,,19.0,R,6.0,,,,,Collision,0.0,4,2019,Azerbaijan,Baku
3,D RICCIARDO,RIC,ricciardo,Renault,fff500,renault,Daniel,Ricciardo,Daniel Ricciardo,,,20.0,R,10.0,,,,,Collision,0.0,4,2019,Azerbaijan,Baku
44,L HAMILTON,HAM,hamilton,Mercedes,00d2be,mercedes,Lewis,Hamilton,Lewis Hamilton,,,1.0,1,2.0,,,,0 days 01:35:50.443000,Finished,26.0,5,2019,Spanish,Barcelona
77,V BOTTAS,BOT,bottas,Mercedes,00d2be,mercedes,Valtteri,Bottas,Valtteri Bottas,,,2.0,2,1.0,,,,0 days 00:00:04.074000,Finished,18.0,5,2019,Spanish,Barcelona
33,M VERSTAPPEN,VER,max_verstappen,Red Bull Racing,1e41ff,red_bull,Max,Verstappen,Max Verstappen,,,3.0,3,4.0,,,,0 days 00:00:07.679000,Finished,15.0,5,2019,Spanish,Barcelona
5,S VETTEL,VET,vettel,Ferrari,dc0000,ferrari,Sebastian,Vettel,Sebastian Vettel,,,4.0,4,3.0,,,,0 days 00:00:09.167000,Finished,12.0,5,2019,Spanish,Barcelona
16,C LECLERC,LEC,leclerc,Ferrari,dc0000,ferrari,Charles,Leclerc,Charles Leclerc,,,5.0,5,5.0,,,,0 days 00:00:13.361000,Finished,10.0,5,2019,Spanish,Barcelona
10,P GASLY,GAS,gasly,Red Bull Racing,1e41ff,red_bull,Pierre,Gasly,Pierre Gasly,,,6.0,6,6.0,,,,0 days 00:00:19.576000,Finished,8.0,5,2019,Spanish,Barcelona
20,K MAGNUSSEN,MAG,kevin_magnussen,Haas F1 Team,bd9e57,haas,Kevin,Magnussen,Kevin Magnussen,,,7.0,7,8.0,,,,0 days 00:00:28.159000,Finished,6.0,5,2019,Spanish,Barcelona
55,C SAINZ,SAI,sainz,McLaren,ff8700,mclaren,Carlos,Sainz,Carlos Sainz,,,8.0,8,12.0,,,,0 days 00:00:32.342000,Finished,4.0,5,2019,Spanish,Barcelona
26,D KVYAT,KVY,kvyat,Toro Rosso,469bff,toro_rosso,Daniil,Kvyat,Daniil Kvyat,,,9.0,9,9.0,,,,0 days 00:00:33.056000,Finished,2.0,5,2019,Spanish,Barcelona
8,R GROSJEAN,GRO,grosjean,Haas F1 Team,bd9e57,haas,Romain,Grosjean,Romain Grosjean,,,10.0,10,7.0,,,,0 days 00:00:34.641000,Finished,1.0,5,2019,Spanish,Barcelona
23,A ALBON,ALB,albon,Toro Rosso,469bff,toro_rosso,Alexander,Albon,Alexander Albon,,,11.0,11,11.0,,,,0 days 00:00:35.445000,Finished,0.0,5,2019,Spanish,Barcelona
3,D RICCIARDO,RIC,ricciardo,Renault,fff500,renault,Daniel,Ricciardo,Daniel Ricciardo,,,12.0,12,13.0,,,,0 days 00:00:36.758000,Finished,0.0,5,2019,Spanish,Barcelona
27,N HULKENBERG,HUL,hulkenberg,Renault,fff500,renault,Nico,Hulkenberg,Nico Hulkenberg,,,13.0,13,0.0,,,,0 days 00:00:39.241000,Finished,0.0,5,2019,Spanish,Barcelona
7,K RAIKKONEN,RAI,raikkonen,Alfa Romeo Racing,9b0000,alfa,Kimi,Räikkönen,Kimi Räikkönen,,,14.0,14,14.0,,,,0 days 00:00:41.803000,Finished,0.0,5,2019,Spanish,Barcelona
11,S PEREZ,PER,perez,Racing Point,f596c8,racing_point,Sergio,Perez,Sergio Perez,,,15.0,15,15.0,,,,0 days 00:00:46.877000,Finished,0.0,5,2019,Spanish,Barcelona
99,A GIOVINAZZI,GIO,giovinazzi,Alfa Romeo Racing,9b0000,alfa,Antonio,Giovinazzi,Antonio Giovinazzi,,,16.0,16,18.0,,,,0 days 00:00:47.691000,Finished,0.0,5,2019,Spanish,Barcelona
63,G RUSSELL,RUS,russell,Williams,ffffff,williams,George,Russell,George Russell,,,17.0,17,19.0,,,,,+1 Lap,0.0,5,2019,Spanish,Barcelona
88,R KUBICA,KUB,kubica,Williams,ffffff,williams,Robert,Kubica,Robert Kubica,,,18.0,18,17.0,,,,,+1 Lap,0.0,5,2019,Spanish,Barcelona
18,L STROLL,STR,stroll,Racing Point,f596c8,racing_point,Lance,Stroll,Lance Stroll,,,19.0,R,16.0,,,,,Collision,0.0,5,2019,Spanish,Barcelona
4,L NORRIS,NOR,norris,McLaren,ff8700,mclaren,Lando,Norris,Lando Norris,,,20.0,R,10.0,,,,,Collision,0.0,5,2019,Spanish,Barcelona
44,L HAMILTON,HAM,hamilton,Mercedes,00d2be,mercedes,Lewis,Hamilton,Lewis Hamilton,,,1.0,1,1.0,,,,0 days 01:43:28.437000,Finished,25.0,6,2019,Monaco,Monte Carlo
5,S VETTEL,VET,vettel,Ferrari,dc0000,ferrari,Sebastian,Vettel,Sebastian Vettel,,,2.0,2,4.0,,,,0 days 00:00:02.602000,Finished,18.0,6,2019,Monaco,Monte Carlo
77,V BOTTAS,BOT,bottas,Mercedes,00d2be,mercedes,Valtteri,Bottas,Valtteri Bottas,,,3.0,3,2.0,,,,0 days 00:00:03.162000,Finished,15.0,6,2019,Monaco,Monte Carlo
33,M VERSTAPPEN,VER,max_verstappen,Red Bull Racing,1e41ff,red_bull,Max,Verstappen,Max Verstappen,,,4.0,4,3.0,,,,0 days 00:00:05.537000,Finished,12.0,6,2019,Monaco,Monte Carlo
10,P GASLY,GAS,gasly,Red Bull Racing,1e41ff,red_bull,Pierre,Gasly,Pierre Gasly,,,5.0,5,8.0,,,,0 days 00:00:09.946000,Finished,11.0,6,2019,Monaco,Monte Carlo
55,C SAINZ,SAI,sainz,McLaren,ff8700,mclaren,Carlos,Sainz,Carlos Sainz,,,6.0,6,9.0,,,,0 days 00:00:53.454000,Finished,8.0,6,2019,Monaco,Monte Carlo
26,D KVYAT,KVY,kvyat,Toro Rosso,469bff,toro_rosso,Daniil,Kvyat,Daniil Kvyat,,,7.0,7,7.0,,,,0 days 00:00:54.574000,Finished,6.0,6,2019,Monaco,Monte Carlo
23,A ALBON,ALB,albon,Toro Rosso,469bff,toro_rosso,Alexander,Albon,Alexander Albon,,,8.0,8,10.0,,,,0 days 00:00:55.200000,Finished,4.0,6,2019,Monaco,Monte Carlo
3,D RICCIARDO,RIC,ricciardo,Renault,fff500,renault,Daniel,Ricciardo,Daniel Ricciardo,,,9.0,9,6.0,,,,0 days 00:01:00.894000,Finished,2.0,6,2019,Monaco,Monte Carlo
8,R GROSJEAN,GRO,grosjean,Haas F1 Team,bd9e57,haas,Romain,Grosjean,Romain Grosjean,,,10.0,10,13.0,,,,0 days 00:01:01.034000,Finished,1.0,6,2019,Monaco,Monte Carlo
4,L NORRIS,NOR,norris,McLaren,ff8700,mclaren,Lando,Norris,Lando Norris,,,11.0,11,12.0,,,,0 days 00:01:06.801000,Finished,0.0,6,2019,Monaco,Monte Carlo
11,S PEREZ,PER,perez,Racing Point,f596c8,racing_point,Sergio,Perez,Sergio Perez,,,12.0,12,16.0,,,,,+1 Lap,0.0,6,2019,Monaco,Monte Carlo
27,N HULKENBERG,HUL,hulkenberg,Renault,fff500,renault,Nico,Hulkenberg,Nico Hulkenberg,,,13.0,13,11.0,,,,,+1 Lap,0.0,6,2019,Monaco,Monte Carlo
20,K MAGNUSSEN,MAG,kevin_magnussen,Haas F1 Team,bd9e57,haas,Kevin,Magnussen,Kevin Magnussen,,,14.0,14,5.0,,,,,+1 Lap,0.0,6,2019,Monaco,Monte Carlo
63,G RUSSELL,RUS,russell,Williams,ffffff,williams,George,Russell,George Russell,,,15.0,15,19.0,,,,,+1 Lap,0.0,6,2019,Monaco,Monte Carlo
18,L STROLL,STR,stroll,Racing Point,f596c8,racing_point,Lance,Stroll,Lance Stroll,,,16.0,16,17.0,,,,,+1 Lap,0.0,6,2019,Monaco,Monte Carlo
7,K RAIKKONEN,RAI,raikkonen,Alfa Romeo Racing,9b0000,alfa,Kimi,Räikkönen,Kimi Räikkönen,,,17.0,17,14.0,,,,,+1 Lap,0.0,6,2019,Monaco,Monte Carlo
88,R KUBICA,KUB,kubica,Williams,ffffff,williams,Robert,Kubica,Robert Kubica,,,18.0,18,20.0,,,,,+1 Lap,0.0,6,2019,Monaco,Monte Carlo
99,A GIOVINAZZI,GIO,giovinazzi,Alfa Romeo Racing,9b0000,alfa,Antonio,Giovinazzi,Antonio Giovinazzi,,,19.0,19,18.0,,,,,+2 Laps,0.0,6,2019,Monaco,Monte Carlo
16,C LECLERC,LEC,leclerc,Ferrari,dc0000,ferrari,Charles,Leclerc,Charles Leclerc,,,20.0,R,15.0,,,,,Collision,0.0,6,2019,Monaco,Monte Carlo
44,L HAMILTON,HAM,hamilton,Mercedes,00d2be,mercedes,Lewis,Hamilton,Lewis Hamilton,https://www.formula1.com/content/dam/fom-website/drivers/L/LEWHAM01_Lewis_Hamilton/lewham01.png,,1.0,1,2.0,,,,0 days 01:29:07.084000,Finished,25.0,7,2019,Canadian,Montréal
5,S VETTEL,VET,vettel,Ferrari,dc0000,ferrari,Sebastian,Vettel,Sebastian Vettel,https://www.formula1.com/content/dam/fom-website/drivers/S/SEBVET01_Sebastian_Vettel/sebvet01.png,,2.0,2,1.0,,,,0 days 00:00:03.658000,Finished,18.0,7,2019,Canadian,Montréal
16,C LECLERC,LEC,leclerc,Ferrari,dc0000,ferrari,Charles,Leclerc,Charles Leclerc,https://www.formula1.com/content/dam/fom-website/drivers/C/CHALEC01_Charles_Leclerc/chalec01.png,,3.0,3,3.0,,,,0 days 00:00:04.696000,Finished,15.0,7,2019,Canadian,Montréal
77,V BOTTAS,BOT,bottas,Mercedes,00d2be,mercedes,Valtteri,Bottas,Valtteri Bottas,https://www.formula1.com/content/dam/fom-website/drivers/V/VALBOT01_Valtteri_Bottas/valbot01.png,,4.0,4,6.0,,,,0 days 00:00:51.043000,Finished,13.0,7,2019,Canadian,Montréal
33,M VERSTAPPEN,VER,max_verstappen,Red Bull Racing,1e41ff,red_bull,Max,Verstappen,Max Verstappen,https://www.formula1.com/content/dam/fom-website/drivers/M/MAXVER01_Max_Verstappen/maxver01.png,,5.0,5,9.0,,,,0 days 00:00:57.655000,Finished,10.0,7,2019,Canadian,Montréal
3,D RICCIARDO,RIC,ricciardo,Renault,fff500,renault,Daniel,Ricciardo,Daniel Ricciardo,https://www.formula1.com/content/dam/fom-website/drivers/D/DANRIC01_Daniel_Ricciardo/danric01.png,,6.0,6,4.0,,,,,+1 Lap,8.0,7,2019,Canadian,Montréal
27,N HULKENBERG,HUL,hulkenberg,Renault,fff500,renault,Nico,Hulkenberg,Nico Hulkenberg,https://www.formula1.com/content/dam/fom-website/drivers/N/NICHUL01_Nico_Hulkenberg/nichul01.png,,7.0,7,7.0,,,,,+1 Lap,6.0,7,2019,Canadian,Montréal
10,P GASLY,GAS,gasly,Red Bull Racing,1e41ff,red_bull,Pierre,Gasly,Pierre Gasly,https://www.formula1.com/content/dam/fom-website/drivers/P/PIEGAS01_Pierre_Gasly/piegas01.png,,8.0,8,5.0,,,,,+1 Lap,4.0,7,2019,Canadian,Montréal
18,L STROLL,STR,stroll,Racing Point,f596c8,racing_point,Lance,Stroll,Lance Stroll,https://www.formula1.com/content/dam/fom-website/drivers/L/LANSTR01_Lance_Stroll/lanstr01.png,,9.0,9,17.0,,,,,+1 Lap,2.0,7,2019,Canadian,Montréal
26,D KVYAT,KVY,kvyat,Toro Rosso,469bff,toro_rosso,Daniil,Kvyat,Daniil Kvyat,https://www.formula1.com/content/dam/fom-website/drivers/D/DANKVY01_Daniil_Kvyat/dankvy01.png,,10.0,10,10.0,,,,,+1 Lap,1.0,7,2019,Canadian,Montréal
55,C SAINZ,SAI,sainz,McLaren,ff8700,mclaren,Carlos,Sainz,Carlos Sainz,https://www.formula1.com/content/dam/fom-website/drivers/C/CARSAI01_Carlos_Sainz/carsai01.png,,11.0,11,11.0,,,,,+1 Lap,0.0,7,2019,Canadian,Montréal
11,S PEREZ,PER,perez,Racing Point,f596c8,racing_point,Sergio,Perez,Sergio Perez,https://www.formula1.com/content/dam/fom-website/drivers/S/SERPER01_Sergio_Perez/serper01.png,,12.0,12,15.0,,,,,+1 Lap,0.0,7,2019,Canadian,Montréal
99,A GIOVINAZZI,GIO,giovinazzi,Alfa Romeo Racing,9b0000,alfa,Antonio,Giovinazzi,Antonio Giovinazzi,https://www.formula1.com/content/dam/fom-website/drivers/A/ANTGIO01_Antonio_Giovinazzi/antgio01.png,,13.0,13,12.0,,,,,+1 Lap,0.0,7,2019,Canadian,Montréal
8,R GROSJEAN,GRO,grosjean,Haas F1 Team,bd9e57,haas,Romain,Grosjean,Romain Grosjean,https://www.formula1.com/content/dam/fom-website/drivers/R/ROMGRO01_Romain_Grosjean/romgro01.png,,14.0,14,14.0,,,,,+1 Lap,0.0,7,2019,Canadian,Montréal
7,K RAIKKONEN,RAI,raikkonen,Alfa Romeo Racing,9b0000,alfa,Kimi,Räikkönen,Kimi Räikkönen,https://www.formula1.com/content/dam/fom-website/drivers/K/KIMRAI01_Kimi_R%C3%A4ikk%C3%B6nen/kimrai01.png,,15.0,15,16.0,,,,,+1 Lap,0.0,7,2019,Canadian,Montréal
63,G RUSSELL,RUS,russell,Williams,ffffff,williams,George,Russell,George Russell,https://www.formula1.com/content/dam/fom-website/drivers/G/GEORUS01_George_Russell/georus01.png,,16.0,16,18.0,,,,,+2 Laps,0.0,7,2019,Canadian,Montréal
20,K MAGNUSSEN,MAG,kevin_magnussen,Haas F1 Team,bd9e57,haas,Kevin,Magnussen,Kevin Magnussen,https://www.formula1.com/content/dam/fom-website/drivers/K/KEVMAG01_Kevin_Magnussen/kevmag01.png,,17.0,17,0.0,,,,,+2 Laps,0.0,7,2019,Canadian,Montréal
88,R KUBICA,KUB,kubica,Williams,ffffff,williams,Robert,Kubica,Robert Kubica,https://www.formula1.com/content/dam/fom-website/drivers/R/ROBKUB01_Robert_Kubica/robkub01.png,,18.0,18,19.0,,,,,+3 Laps,0.0,7,2019,Canadian,Montréal
23,A ALBON,ALB,albon,Toro Rosso,469bff,toro_rosso,Alexander,Albon,Alexander Albon,https://www.formula1.com/content/dam/fom-website/drivers/A/ALEALB01_Alexander_Albon/alealb01.png,,19.0,R,13.0,,,,,Collision damage,0.0,7,2019,Canadian,Montréal
4,L NORRIS,NOR,norris,McLaren,ff8700,mclaren,Lando,Norris,Lando Norris,https://www.formula1.com/content/dam/fom-website/drivers/L/LANNOR01_Lando_Norris/lannor01.png,,20.0,R,8.0,,,,,Suspension,0.0,7,2019,Canadian,Montréal
44,L HAMILTON,HAM,hamilton,Mercedes,00d2be,mercedes,Lewis,Hamilton,Lewis Hamilton,https://www.formula1.com/content/dam/fom-website/drivers/L/LEWHAM01_Lewis_Hamilton/lewham01.png,,1.0,1,1.0,,,,0 days 01:24:31.198000,Finished,25.0,8,2019,French,Le Castellet
77,V BOTTAS,BOT,bottas,Mercedes,00d2be,mercedes,Valtteri,Bottas,Valtteri Bottas,https://www.formula1.com/content/dam/fom-website/drivers/V/VALBOT01_Valtteri_Bottas/valbot01.png,,2.0,2,2.0,,,,0 days 00:00:18.056000,Finished,18.0,8,2019,French,Le Castellet
16,C LECLERC,LEC,leclerc,Ferrari,dc0000,ferrari,Charles,Leclerc,Charles Leclerc,https://www.formula1.com/content/dam/fom-website/drivers/C/CHALEC01_Charles_Leclerc/chalec01.png,,3.0,3,3.0,,,,0 days 00:00:18.985000,Finished,15.0,8,2019,French,Le Castellet
33,M VERSTAPPEN,VER,max_verstappen,Red Bull Racing,1e41ff,red_bull,Max,Verstappen,Max Verstappen,https://www.formula1.com/content/dam/fom-website/drivers/M/MAXVER01_Max_Verstappen/maxver01.png,,4.0,4,4.0,,,,0 days 00:00:34.905000,Finished,12.0,8,2019,French,Le Castellet
5,S VETTEL,VET,vettel,Ferrari,dc0000,ferrari,Sebastian,Vettel,Sebastian Vettel,https://www.formula1.com/content/dam/fom-website/drivers/S/SEBVET01_Sebastian_Vettel/sebvet01.png,,5.0,5,7.0,,,,0 days 00:01:02.796000,Finished,11.0,8,2019,French,Le Castellet
55,C SAINZ,SAI,sainz,McLaren,ff8700,mclaren,Carlos,Sainz,Carlos Sainz,https://www.formula1.com/content/dam/fom-website/drivers/C/CARSAI01_Carlos_Sainz/carsai01.png,,6.0,6,6.0,,,,0 days 00:01:35.462000,Finished,8.0,8,2019,French,Le Castellet
7,K RAIKKONEN,RAI,raikkonen,Alfa Romeo Racing,9b0000,alfa,Kimi,Räikkönen,Kimi Räikkönen,https://www.formula1.com/content/dam/fom-website/drivers/K/KIMRAI01_Kimi_R%C3%A4ikk%C3%B6nen/kimrai01.png,,7.0,7,12.0,,,,,+1 Lap,6.0,8,2019,French,Le Castellet
27,N HULKENBERG,HUL,hulkenberg,Renault,fff500,renault,Nico,Hulkenberg,Nico Hulkenberg,https://www.formula1.com/content/dam/fom-website/drivers/N/NICHUL01_Nico_Hulkenberg/nichul01.png,,8.0,8,13.0,,,,,+1 Lap,4.0,8,2019,French,Le Castellet
4,L NORRIS,NOR,norris,McLaren,ff8700,mclaren,Lando,Norris,Lando Norris,https://www.formula1.com/content/dam/fom-website/drivers/L/LANNOR01_Lando_Norris/lannor01.png,,9.0,9,5.0,,,,,+1 Lap,2.0,8,2019,French,Le Castellet
10,P GASLY,GAS,gasly,Red Bull Racing,1e41ff,red_bull,Pierre,Gasly,Pierre Gasly,https://www.formula1.com/content/dam/fom-website/drivers/P/PIEGAS01_Pierre_Gasly/piegas01.png,,10.0,10,9.0,,,,,+1 Lap,1.0,8,2019,French,Le Castellet
3,D RICCIARDO,RIC,ricciardo,Renault,fff500,renault,Daniel,Ricciardo,Daniel Ricciardo,https://www.formula1.com/content/dam/fom-website/drivers/D/DANRIC01_Daniel_Ricciardo/danric01.png,,11.0,11,8.0,,,,,+1 Lap,0.0,8,2019,French,Le Castellet
11,S PEREZ,PER,perez,Racing Point,f596c8,racing_point,Sergio,Perez,Sergio Perez,https://www.formula1.com/content/dam/fom-website/drivers/S/SERPER01_Sergio_Perez/serper01.png,,12.0,12,14.0,,,,,+1 Lap,0.0,8,2019,French,Le Castellet
18,L STROLL,STR,stroll,Racing Point,f596c8,racing_point,Lance,Stroll,Lance Stroll,https://www.formula1.com/content/dam/fom-website/drivers/L/LANSTR01_Lance_Stroll/lanstr01.png,,13.0,13,17.0,,,,,+1 Lap,0.0,8,2019,French,Le Castellet
26,D KVYAT,KVY,kvyat,Toro Rosso,469bff,toro_rosso,Daniil,Kvyat,Daniil Kvyat,https://www.formula1.com/content/dam/fom-website/drivers/D/DANKVY01_Daniil_Kvyat/dankvy01.png,,14.0,14,19.0,,,,,+1 Lap,0.0,8,2019,French,Le Castellet
23,A ALBON,ALB,albon,Toro Rosso,469bff,toro_rosso,Alexander,Albon,Alexander Albon,https://www.formula1.com/content/dam/fom-website/drivers/A/ALEALB01_Alexander_Albon/alealb01.png,,15.0,15,11.0,,,,,+1 Lap,0.0,8,2019,French,Le Castellet
99,A GIOVINAZZI,GIO,giovinazzi,Alfa Romeo Racing,9b0000,alfa,Antonio,Giovinazzi,Antonio Giovinazzi,https://www.formula1.com/content/dam/fom-website/drivers/A/ANTGIO01_Antonio_Giovinazzi/antgio01.png,,16.0,16,10.0,,,,,+1 Lap,0.0,8,2019,French,Le Castellet
20,K MAGNUSSEN,MAG,kevin_magnussen,Haas F1 Team,bd9e57,haas,Kevin,Magnussen,Kevin Magnussen,https://www.formula1.com/content/dam/fom-website/drivers/K/KEVMAG01_Kevin_Magnussen/kevmag01.png,,17.0,17,15.0,,,,,+1 Lap,0.0,8,2019,French,Le Castellet
88,R KUBICA,KUB,kubica,Williams,ffffff,williams,Robert,Kubica,Robert Kubica,https://www.formula1.com/content/dam/fom-website/drivers/R/ROBKUB01_Robert_Kubica/robkub01.png,,18.0,18,18.0,,,,,+2 Laps,0.0,8,2019,French,Le Castellet
63,G RUSSELL,RUS,russell,Williams,ffffff,williams,George,Russell,George Russell,https://www.formula1.com/content/dam/fom-website/drivers/G/GEORUS01_George_Russell/georus01.png,,19.0,19,20.0,,,,,+2 Laps,0.0,8,2019,French,Le Castellet
8,R GROSJEAN,GRO,grosjean,Haas F1 Team,bd9e57,haas,Romain,Grosjean,Romain Grosjean,https://www.formula1.com/content/dam/fom-website/drivers/R/ROMGRO01_Romain_Grosjean/romgro01.png,,20.0,20,16.0,,,,,Retired,0.0,8,2019,French,Le Castellet
33,M VERSTAPPEN,VER,max_verstappen,Red Bull Racing,1e41ff,red_bull,Max,Verstappen,Max Verstappen,https://www.formula1.com/content/dam/fom-website/drivers/M/MAXVER01_Max_Verstappen/maxver01.png,,1.0,1,2.0,,,,0 days 01:22:01.822000,Finished,26.0,9,2019,Austrian,Spielberg
16,C LECLERC,LEC,leclerc,Ferrari,dc0000,ferrari,Charles,Leclerc,Charles Leclerc,https://www.formula1.com/content/dam/fom-website/drivers/C/CHALEC01_Charles_Leclerc/chalec01.png,,2.0,2,1.0,,,,0 days 00:00:02.724000,Finished,18.0,9,2019,Austrian,Spielberg
77,V BOTTAS,BOT,bottas,Mercedes,00d2be,mercedes,Valtteri,Bottas,Valtteri Bottas,https://www.formula1.com/content/dam/fom-website/drivers/V/VALBOT01_Valtteri_Bottas/valbot01.png,,3.0,3,3.0,,,,0 days 00:00:18.960000,Finished,15.0,9,2019,Austrian,Spielberg
5,S VETTEL,VET,vettel,Ferrari,dc0000,ferrari,Sebastian,Vettel,Sebastian Vettel,https://www.formula1.com/content/dam/fom-website/drivers/S/SEBVET01_Sebastian_Vettel/sebvet01.png,,4.0,4,9.0,,,,0 days 00:00:19.610000,Finished,12.0,9,2019,Austrian,Spielberg
44,L HAMILTON,HAM,hamilton,Mercedes,00d2be,mercedes,Lewis,Hamilton,Lewis Hamilton,https://www.formula1.com/content/dam/fom-website/drivers/L/LEWHAM01_Lewis_Hamilton/lewham01.png,,5.0,5,4.0,,,,0 days 00:00:22.805000,Finished,10.0,9,2019,Austrian,Spielberg
4,L NORRIS,NOR,norris,McLaren,ff8700,mclaren,Lando,Norris,Lando Norris,https://www.formula1.com/content/dam/fom-website/drivers/L/LANNOR01_Lando_Norris/lannor01.png,,6.0,6,5.0,,,,,+1 Lap,8.0,9,2019,Austrian,Spielberg
10,P GASLY,GAS,gasly,Red Bull Racing,1e41ff,red_bull,Pierre,Gasly,Pierre Gasly,https://www.formula1.com/content/dam/fom-website/drivers/P/PIEGAS01_Pierre_Gasly/piegas01.png,,7.0,7,8.0,,,,,+1 Lap,6.0,9,2019,Austrian,Spielberg
55,C SAINZ,SAI,sainz,McLaren,ff8700,mclaren,Carlos,Sainz,Carlos Sainz,https://www.formula1.com/content/dam/fom-website/drivers/C/CARSAI01_Carlos_Sainz/carsai01.png,,8.0,8,19.0,,,,,+1 Lap,4.0,9,2019,Austrian,Spielberg
7,K RAIKKONEN,RAI,raikkonen,Alfa Romeo Racing,9b0000,alfa,Kimi,Räikkönen,Kimi Räikkönen,https://www.formula1.com/content/dam/fom-website/drivers/K/KIMRAI01_Kimi_R%C3%A4ikk%C3%B6nen/kimrai01.png,,9.0,9,6.0,,,,,+1 Lap,2.0,9,2019,Austrian,Spielberg
99,A GIOVINAZZI,GIO,giovinazzi,Alfa Romeo Racing,9b0000,alfa,Antonio,Giovinazzi,Antonio Giovinazzi,https://www.formula1.com/content/dam/fom-website/drivers/A/ANTGIO01_Antonio_Giovinazzi/antgio01.png,,10.0,10,7.0,,,,,+1 Lap,1.0,9,2019,Austrian,Spielberg
11,S PEREZ,PER,perez,Racing Point,f596c8,racing_point,Sergio,Perez,Sergio Perez,https://www.formula1.com/content/dam/fom-website/drivers/S/SERPER01_Sergio_Perez/serper01.png,,11.0,11,13.0,,,,,+1 Lap,0.0,9,2019,Austrian,Spielberg
3,D RICCIARDO,RIC,ricciardo,Renault,fff500,renault,Daniel,Ricciardo,Daniel Ricciardo,https://www.formula1.com/content/dam/fom-website/drivers/D/DANRIC01_Daniel_Ricciardo/danric01.png,,12.0,12,12.0,,,,,+1 Lap,0.0,9,2019,Austrian,Spielberg
27,N HULKENBERG,HUL,hulkenberg,Renault,fff500,renault,Nico,Hulkenberg,Nico Hulkenberg,https://www.formula1.com/content/dam/fom-website/drivers/N/NICHUL01_Nico_Hulkenberg/nichul01.png,,13.0,13,15.0,,,,,+1 Lap,0.0,9,2019,Austrian,Spielberg
18,L STROLL,STR,stroll,Racing Point,f596c8,racing_point,Lance,Stroll,Lance Stroll,https://www.formula1.com/content/dam/fom-website/drivers/L/LANSTR01_Lance_Stroll/lanstr01.png,,14.0,14,14.0,,,,,+1 Lap,0.0,9,2019,Austrian,Spielberg
23,A ALBON,ALB,albon,Toro Rosso,469bff,toro_rosso,Alexander,Albon,Alexander Albon,https://www.formula1.com/content/dam/fom-website/drivers/A/ALEALB01_Alexander_Albon/alealb01.png,,15.0,15,18.0,,,,,+1 Lap,0.0,9,2019,Austrian,Spielberg
8,R GROSJEAN,GRO,grosjean,Haas F1 Team,bd9e57,haas,Romain,Grosjean,Romain Grosjean,https://www.formula1.com/content/dam/fom-website/drivers/R/ROMGRO01_Romain_Grosjean/romgro01.png,,16.0,16,11.0,,,,,+1 Lap,0.0,9,2019,Austrian,Spielberg
26,D KVYAT,KVY,kvyat,Toro Rosso,469bff,toro_rosso,Daniil,Kvyat,Daniil Kvyat,https://www.formula1.com/content/dam/fom-website/drivers/D/DANKVY01_Daniil_Kvyat/dankvy01.png,,17.0,17,16.0,,,,,+1 Lap,0.0,9,2019,Austrian,Spielberg
63,G RUSSELL,RUS,russell,Williams,ffffff,williams,George,Russell,George Russell,https://www.formula1.com/content/dam/fom-website/drivers/G/GEORUS01_George_Russell/georus01.png,,18.0,18,0.0,,,,,+2 Laps,0.0,9,2019,Austrian,Spielberg
20,K MAGNUSSEN,MAG,kevin_magnussen,Haas F1 Team,bd9e57,haas,Kevin,Magnussen,Kevin Magnussen,https://www.formula1.com/content/dam/fom-website/drivers/K/KEVMAG01_Kevin_Magnussen/kevmag01.png,,19.0,19,10.0,,,,,+2 Laps,0.0,9,2019,Austrian,Spielberg
88,R KUBICA,KUB,kubica,Williams,ffffff,williams,Robert,Kubica,Robert Kubica,https://www.formula1.com/content/dam/fom-website/drivers/R/ROBKUB01_Robert_Kubica/robkub01.png,,20.0,20,17.0,,,,,+3 Laps,0.0,9,2019,Austrian,Spielberg
44,L HAMILTON,HAM,hamilton,Mercedes,00d2be,mercedes,Lewis,Hamilton,Lewis Hamilton,https://www.formula1.com/content/dam/fom-website/drivers/L/LEWHAM01_Lewis_Hamilton/lewham01.png,,1.0,1,2.0,,,,0 days 01:21:08.452000,Finished,26.0,10,2019,British,Silverstone
77,V BOTTAS,BOT,bottas,Mercedes,00d2be,mercedes,Valtteri,Bottas,Valtteri Bottas,https://www.formula1.com/content/dam/fom-website/drivers/V/VALBOT01_Valtteri_Bottas/valbot01.png,,2.0,2,1.0,,,,0 days 00:00:24.928000,Finished,18.0,10,2019,British,Silverstone
16,C LECLERC,LEC,leclerc,Ferrari,dc0000,ferrari,Charles,Leclerc,Charles Leclerc,https://www.formula1.com/content/dam/fom-website/drivers/C/CHALEC01_Charles_Leclerc/chalec01.png,,3.0,3,3.0,,,,0 days 00:00:30.117000,Finished,15.0,10,2019,British,Silverstone
10,P GASLY,GAS,gasly,Red Bull Racing,1e41ff,red_bull,Pierre,Gasly,Pierre Gasly,https://www.formula1.com/content/dam/fom-website/drivers/P/PIEGAS01_Pierre_Gasly/piegas01.png,,4.0,4,5.0,,,,0 days 00:00:34.692000,Finished,12.0,10,2019,British,Silverstone
33,M VERSTAPPEN,VER,max_verstappen,Red Bull Racing,1e41ff,red_bull,Max,Verstappen,Max Verstappen,https://www.formula1.com/content/dam/fom-website/drivers/M/MAXVER01_Max_Verstappen/maxver01.png,,5.0,5,4.0,,,,0 days 00:00:39.458000,Finished,10.0,10,2019,British,Silverstone
55,C SAINZ,SAI,sainz,McLaren,ff8700,mclaren,Carlos,Sainz,Carlos Sainz,https://www.formula1.com/content/dam/fom-website/drivers/C/CARSAI01_Carlos_Sainz/carsai01.png,,6.0,6,13.0,,,,0 days 00:00:53.639000,Finished,8.0,10,2019,British,Silverstone
3,D RICCIARDO,RIC,ricciardo,Renault,fff500,renault,Daniel,Ricciardo,Daniel Ricciardo,https://www.formula1.com/content/dam/fom-website/drivers/D/DANRIC01_Daniel_Ricciardo/danric01.png,,7.0,7,7.0,,,,0 days 00:00:54.401000,Finished,6.0,10,2019,British,Silverstone
7,K RAIKKONEN,RAI,raikkonen,Alfa Romeo Racing,9b0000,alfa,Kimi,Räikkönen,Kimi Räikkönen,https://www.formula1.com/content/dam/fom-website/drivers/K/KIMRAI01_Kimi_R%C3%A4ikk%C3%B6nen/kimrai01.png,,8.0,8,12.0,,,,0 days 00:01:05.540000,Finished,4.0,10,2019,British,Silverstone
26,D KVYAT,KVY,kvyat,Toro Rosso,469bff,toro_rosso,Daniil,Kvyat,Daniil Kvyat,https://www.formula1.com/content/dam/fom-website/drivers/D/DANKVY01_Daniil_Kvyat/dankvy01.png,,9.0,9,17.0,,,,0 days 00:01:06.720000,Finished,2.0,10,2019,British,Silverstone
27,N HULKENBERG,HUL,hulkenberg,Renault,fff500,renault,Nico,Hulkenberg,Nico Hulkenberg,https://www.formula1.com/content/dam/fom-website/drivers/N/NICHUL01_Nico_Hulkenberg/nichul01.png,,10.0,10,10.0,,,,0 days 00:01:12.733000,Finished,1.0,10,2019,British,Silverstone
4,L NORRIS,NOR,norris,McLaren,ff8700,mclaren,Lando,Norris,Lando Norris,https://www.formula1.com/content/dam/fom-website/drivers/L/LANNOR01_Lando_Norris/lannor01.png,,11.0,11,8.0,,,,0 days 00:01:14.281000,Finished,0.0,10,2019,British,Silverstone
23,A ALBON,ALB,albon,Toro Rosso,469bff,toro_rosso,Alexander,Albon,Alexander Albon,https://www.formula1.com/content/dam/fom-website/drivers/A/ALEALB01_Alexander_Albon/alealb01.png,,12.0,12,9.0,,,,0 days 00:01:15.617000,Finished,0.0,10,2019,British,Silverstone
18,L STROLL,STR,stroll,Racing Point,f596c8,racing_point,Lance,Stroll,Lance Stroll,https://www.formula1.com/content/dam/fom-website/drivers/L/LANSTR01_Lance_Stroll/lanstr01.png,,13.0,13,18.0,,,,0 days 00:01:21.086000,Finished,0.0,10,2019,British,Silverstone
63,G RUSSELL,RUS,russell,Williams,ffffff,williams,George,Russell,George Russell,https://www.formula1.com/content/dam/fom-website/drivers/G/GEORUS01_George_Russell/georus01.png,,14.0,14,19.0,,,,,+1 Lap,0.0,10,2019,British,Silverstone
88,R KUBICA,KUB,kubica,Williams,ffffff,williams,Robert,Kubica,Robert Kubica,https://www.formula1.com/content/dam/fom-website/drivers/R/ROBKUB01_Robert_Kubica/robkub01.png,,15.0,15,20.0,,,,,+1 Lap,0.0,10,2019,British,Silverstone
5,S VETTEL,VET,vettel,Ferrari,dc0000,ferrari,Sebastian,Vettel,Sebastian Vettel,https://www.formula1.com/content/dam/fom-website/drivers/S/SEBVET01_Sebastian_Vettel/sebvet01.png,,16.0,16,6.0,,,,,+1 Lap,0.0,10,2019,British,Silverstone
11,S PEREZ,PER,perez,Racing Point,f596c8,racing_point,Sergio,Perez,Sergio Perez,https://www.formula1.com/content/dam/fom-website/drivers/S/SERPER01_Sergio_Perez/serper01.png,,17.0,17,15.0,,,,,+1 Lap,0.0,10,2019,British,Silverstone
99,A GIOVINAZZI,GIO,giovinazzi,Alfa Romeo Racing,9b0000,alfa,Antonio,Giovinazzi,Antonio Giovinazzi,https://www.formula1.com/content/dam/fom-website/drivers/A/ANTGIO01_Antonio_Giovinazzi/antgio01.png,,18.0,R,11.0,,,,,Spun off,0.0,10,2019,British,Silverstone
8,R GROSJEAN,GRO,grosjean,Haas F1 Team,bd9e57,haas,Romain,Grosjean,Romain Grosjean,https://www.formula1.com/content/dam/fom-website/drivers/R/ROMGRO01_Romain_Grosjean/romgro01.png,,19.0,R,14.0,,,,,Collision,0.0,10,2019,British,Silverstone
20,K MAGNUSSEN,MAG,kevin_magnussen,Haas F1 Team,bd9e57,haas,Kevin,Magnussen,Kevin Magnussen,https://www.formula1.com/content/dam/fom-website/drivers/K/KEVMAG01_Kevin_Magnussen/kevmag01.png,,20.0,R,16.0,,,,,Collision,0.0,10,2019,British,Silverstone
33,M VERSTAPPEN,VER,max_verstappen,Red Bull Racing,1e41ff,red_bull,Max,Verstappen,Max Verstappen,https://www.formula1.com/content/dam/fom-website/drivers/M/MAXVER01_Max_Verstappen/maxver01.png,,1.0,1,2.0,,,,0 days 01:44:31.275000,Finished,26.0,11,2019,German,Hockenheim
5,S VETTEL,VET,vettel,Ferrari,dc0000,ferrari,Sebastian,Vettel,Sebastian Vettel,https://www.formula1.com/content/dam/fom-website/drivers/S/SEBVET01_Sebastian_Vettel/sebvet01.png,,2.0,2,20.0,,,,0 days 00:00:07.333000,Finished,18.0,11,2019,German,Hockenheim
26,D KVYAT,KVY,kvyat,Toro Rosso,469bff,toro_rosso,Daniil,Kvyat,Daniil Kvyat,https://www.formula1.com/content/dam/fom-website/drivers/D/DANKVY01_Daniil_Kvyat/dankvy01.png,,3.0,3,14.0,,,,0 days 00:00:08.305000,Finished,15.0,11,2019,German,Hockenheim
18,L STROLL,STR,stroll,Racing Point,f596c8,racing_point,Lance,Stroll,Lance Stroll,https://www.formula1.com/content/dam/fom-website/drivers/L/LANSTR01_Lance_Stroll/lanstr01.png,,4.0,4,15.0,,,,0 days 00:00:08.966000,Finished,12.0,11,2019,German,Hockenheim
55,C SAINZ,SAI,sainz,McLaren,ff8700,mclaren,Carlos,Sainz,Carlos Sainz,https://www.formula1.com/content/dam/fom-website/drivers/C/CARSAI01_Carlos_Sainz/carsai01.png,,5.0,5,7.0,,,,0 days 00:00:09.583000,Finished,10.0,11,2019,German,Hockenheim
23,A ALBON,ALB,albon,Toro Rosso,469bff,toro_rosso,Alexander,Albon,Alexander Albon,https://www.formula1.com/content/dam/fom-website/drivers/A/ALEALB01_Alexander_Albon/alealb01.png,,6.0,6,16.0,,,,0 days 00:00:10.052000,Finished,8.0,11,2019,German,Hockenheim
8,R GROSJEAN,GRO,grosjean,Haas F1 Team,bd9e57,haas,Romain,Grosjean,Romain Grosjean,https://www.formula1.com/content/dam/fom-website/drivers/R/ROMGRO01_Romain_Grosjean/romgro01.png,,7.0,7,6.0,,,,0 days 00:00:16.838000,Finished,6.0,11,2019,German,Hockenheim
20,K MAGNUSSEN,MAG,kevin_magnussen,Haas F1 Team,bd9e57,haas,Kevin,Magnussen,Kevin Magnussen,https://www.formula1.com/content/dam/fom-website/drivers/K/KEVMAG01_Kevin_Magnussen/kevmag01.png,,8.0,8,12.0,,,,0 days 00:00:18.765000,Finished,4.0,11,2019,German,Hockenheim
44,L HAMILTON,HAM,hamilton,Mercedes,00d2be,mercedes,Lewis,Hamilton,Lewis Hamilton,https://www.formula1.com/content/dam/fom-website/drivers/L/LEWHAM01_Lewis_Hamilton/lewham01.png,,9.0,9,1.0,,,,0 days 00:00:19.667000,Finished,2.0,11,2019,German,Hockenheim
88,R KUBICA,KUB,kubica,Williams,ffffff,williams,Robert,Kubica,Robert Kubica,https://www.formula1.com/content/dam/fom-website/drivers/R/ROBKUB01_Robert_Kubica/robkub01.png,,10.0,10,18.0,,,,0 days 00:00:24.987000,Finished,1.0,11,2019,German,Hockenheim
63,G RUSSELL,RUS,russell,Williams,ffffff,williams,George,Russell,George Russell,https://www.formula1.com/content/dam/fom-website/drivers/G/GEORUS01_George_Russell/georus01.png,,11.0,11,17.0,,,,0 days 00:00:26.404000,Finished,0.0,11,2019,German,Hockenheim
7,K RAIKKONEN,RAI,raikkonen,Alfa Romeo Racing,9b0000,alfa,Kimi,Räikkönen,Kimi Räikkönen,https://www.formula1.com/content/dam/fom-website/drivers/K/KIMRAI01_Kimi_R%C3%A4ikk%C3%B6nen/kimrai01.png,,12.0,12,5.0,,,,0 days 00:00:42.214000,Finished,0.0,11,2019,German,Hockenheim
99,A GIOVINAZZI,GIO,giovinazzi,Alfa Romeo Racing,9b0000,alfa,Antonio,Giovinazzi,Antonio Giovinazzi,https://www.formula1.com/content/dam/fom-website/drivers/A/ANTGIO01_Antonio_Giovinazzi/antgio01.png,,13.0,13,11.0,,,,0 days 00:00:43.849000,Finished,0.0,11,2019,German,Hockenheim
10,P GASLY,GAS,gasly,Red Bull Racing,1e41ff,red_bull,Pierre,Gasly,Pierre Gasly,https://www.formula1.com/content/dam/fom-website/drivers/P/PIEGAS01_Pierre_Gasly/piegas01.png,,14.0,14,4.0,,,,,Collision,0.0,11,2019,German,Hockenheim
77,V BOTTAS,BOT,bottas,Mercedes,00d2be,mercedes,Valtteri,Bottas,Valtteri Bottas,https://www.formula1.com/content/dam/fom-website/drivers/V/VALBOT01_Valtteri_Bottas/valbot01.png,,15.0,R,3.0,,,,,Accident,0.0,11,2019,German,Hockenheim
27,N HULKENBERG,HUL,hulkenberg,Renault,fff500,renault,Nico,Hulkenberg,Nico Hulkenberg,https://www.formula1.com/content/dam/fom-website/drivers/N/NICHUL01_Nico_Hulkenberg/nichul01.png,,16.0,R,9.0,,,,,Accident,0.0,11,2019,German,Hockenheim
16,C LECLERC,LEC,leclerc,Ferrari,dc0000,ferrari,Charles,Leclerc,Charles Leclerc,https://www.formula1.com/content/dam/fom-website/drivers/C/CHALEC01_Charles_Leclerc/chalec01.png,,17.0,R,10.0,,,,,Accident,0.0,11,2019,German,Hockenheim
4,L NORRIS,NOR,norris,McLaren,ff8700,mclaren,Lando,Norris,Lando Norris,https://www.formula1.com/content/dam/fom-website/drivers/L/LANNOR01_Lando_Norris/lannor01.png,,18.0,R,19.0,,,,,Power loss,0.0,11,2019,German,Hockenheim
3,D RICCIARDO,RIC,ricciardo,Renault,fff500,renault,Daniel,Ricciardo,Daniel Ricciardo,https://www.formula1.com/content/dam/fom-website/drivers/D/DANRIC01_Daniel_Ricciardo/danric01.png,,19.0,R,13.0,,,,,Exhaust,0.0,11,2019,German,Hockenheim
11,S PEREZ,PER,perez,Racing Point,f596c8,racing_point,Sergio,Perez,Sergio Perez,https://www.formula1.com/content/dam/fom-website/drivers/S/SERPER01_Sergio_Perez/serper01.png,,20.0,R,8.0,,,,,Spun off,0.0,11,2019,German,Hockenheim
44,L HAMILTON,HAM,hamilton,Mercedes,00d2be,mercedes,Lewis,Hamilton,Lewis Hamilton,https://www.formula1.com/content/dam/fom-website/drivers/L/LEWHAM01_Lewis_Hamilton/lewham01.png,,1.0,1,3.0,,,,0 days 01:35:03.796000,Finished,25.0,12,2019,Hungarian,Budapest
33,M VERSTAPPEN,VER,max_verstappen,Red Bull Racing,1e41ff,red_bull,Max,Verstappen,Max Verstappen,https://www.formula1.com/content/dam/fom-website/drivers/M/MAXVER01_Max_Verstappen/maxver01.png,,2.0,2,1.0,,,,0 days 00:00:17.796000,Finished,19.0,12,2019,Hungarian,Budapest
5,S VETTEL,VET,vettel,Ferrari,dc0000,ferrari,Sebastian,Vettel,Sebastian Vettel,https://www.formula1.com/content/dam/fom-website/drivers/S/SEBVET01_Sebastian_Vettel/sebvet01.png,,3.0,3,5.0,,,,0 days 00:01:01.433000,Finished,15.0,12,2019,Hungarian,Budapest
16,C LECLERC,LEC,leclerc,Ferrari,dc0000,ferrari,Charles,Leclerc,Charles Leclerc,https://www.formula1.com/content/dam/fom-website/drivers/C/CHALEC01_Charles_Leclerc/chalec01.png,,4.0,4,4.0,,,,0 days 00:01:05.250000,Finished,12.0,12,2019,Hungarian,Budapest
55,C SAINZ,SAI,sainz,McLaren,ff8700,mclaren,Carlos,Sainz,Carlos Sainz,https://www.formula1.com/content/dam/fom-website/drivers/C/CARSAI01_Carlos_Sainz/carsai01.png,,5.0,5,8.0,,,,,+1 Lap,10.0,12,2019,Hungarian,Budapest
10,P GASLY,GAS,gasly,Red Bull Racing,1e41ff,red_bull,Pierre,Gasly,Pierre Gasly,https://www.formula1.com/content/dam/fom-website/drivers/P/PIEGAS01_Pierre_Gasly/piegas01.png,,6.0,6,6.0,,,,,+1 Lap,8.0,12,2019,Hungarian,Budapest
7,K RAIKKONEN,RAI,raikkonen,Alfa Romeo Racing,9b0000,alfa,Kimi,Räikkönen,Kimi Räikkönen,https://www.formula1.com/content/dam/fom-website/drivers/K/KIMRAI01_Kimi_R%C3%A4ikk%C3%B6nen/kimrai01.png,,7.0,7,10.0,,,,,+1 Lap,6.0,12,2019,Hungarian,Budapest
77,V BOTTAS,BOT,bottas,Mercedes,00d2be,mercedes,Valtteri,Bottas,Valtteri Bottas,https://www.formula1.com/content/dam/fom-website/drivers/V/VALBOT01_Valtteri_Bottas/valbot01.png,,8.0,8,2.0,,,,,+1 Lap,4.0,12,2019,Hungarian,Budapest
4,L NORRIS,NOR,norris,McLaren,ff8700,mclaren,Lando,Norris,Lando Norris,https://www.formula1.com/content/dam/fom-website/drivers/L/LANNOR01_Lando_Norris/lannor01.png,,9.0,9,7.0,,,,,+1 Lap,2.0,12,2019,Hungarian,Budapest
23,A ALBON,ALB,albon,Toro Rosso,469bff,toro_rosso,Alexander,Albon,Alexander Albon,https://www.formula1.com/content/dam/fom-website/drivers/A/ALEALB01_Alexander_Albon/alealb01.png,,10.0,10,12.0,,,,,+1 Lap,1.0,12,2019,Hungarian,Budapest
11,S PEREZ,PER,perez,Racing Point,f596c8,racing_point,Sergio,Perez,Sergio Perez,https://www.formula1.com/content/dam/fom-website/drivers/S/SERPER01_Sergio_Perez/serper01.png,,11.0,11,16.0,,,,,+1 Lap,0.0,12,2019,Hungarian,Budapest
27,N HULKENBERG,HUL,hulkenberg,Renault,fff500,renault,Nico,Hulkenberg,Nico Hulkenberg,https://www.formula1.com/content/dam/fom-website/drivers/N/NICHUL01_Nico_Hulkenberg/nichul01.png,,12.0,12,11.0,,,,,+1 Lap,0.0,12,2019,Hungarian,Budapest
20,K MAGNUSSEN,MAG,kevin_magnussen,Haas F1 Team,bd9e57,haas,Kevin,Magnussen,Kevin Magnussen,https://www.formula1.com/content/dam/fom-website/drivers/K/KEVMAG01_Kevin_Magnussen/kevmag01.png,,13.0,13,14.0,,,,,+1 Lap,0.0,12,2019,Hungarian,Budapest
3,D RICCIARDO,RIC,ricciardo,Renault,fff500,renault,Daniel,Ricciardo,Daniel Ricciardo,https://www.formula1.com/content/dam/fom-website/drivers/D/DANRIC01_Daniel_Ricciardo/danric01.png,,14.0,14,20.0,,,,,+1 Lap,0.0,12,2019,Hungarian,Budapest
26,D KVYAT,KVY,kvyat,Toro Rosso,469bff,toro_rosso,Daniil,Kvyat,Daniil Kvyat,https://www.formula1.com/content/dam/fom-website/drivers/D/DANKVY01_Daniil_Kvyat/dankvy01.png,,15.0,15,13.0,,,,,+2 Laps,0.0,12,2019,Hungarian,Budapest
63,G RUSSELL,RUS,russell,Williams,ffffff,williams,George,Russell,George Russell,https://www.formula1.com/content/dam/fom-website/drivers/G/GEORUS01_George_Russell/georus01.png,,16.0,16,15.0,,,,,+2 Laps,0.0,12,2019,Hungarian,Budapest
18,L STROLL,STR,stroll,Racing Point,f596c8,racing_point,Lance,Stroll,Lance Stroll,https://www.formula1.com/content/dam/fom-website/drivers/L/LANSTR01_Lance_Stroll/lanstr01.png,,17.0,17,18.0,,,,,+2 Laps,0.0,12,2019,Hungarian,Budapest
99,A GIOVINAZZI,GIO,giovinazzi,Alfa Romeo Racing,9b0000,alfa,Antonio,Giovinazzi,Antonio Giovinazzi,https://www.formula1.com/content/dam/fom-website/drivers/A/ANTGIO01_Antonio_Giovinazzi/antgio01.png,,18.0,18,17.0,,,,,+2 Laps,0.0,12,2019,Hungarian,Budapest
88,R KUBICA,KUB,kubica,Williams,ffffff,williams,Robert,Kubica,Robert Kubica,https://www.formula1.com/content/dam/fom-website/drivers/R/ROBKUB01_Robert_Kubica/robkub01.png,,19.0,19,19.0,,,,,+3 Laps,0.0,12,2019,Hungarian,Budapest
8,R GROSJEAN,GRO,grosjean,Haas F1 Team,bd9e57,haas,Romain,Grosjean,Romain Grosjean,https://www.formula1.com/content/dam/fom-website/drivers/R/ROMGRO01_Romain_Grosjean/romgro01.png,,20.0,R,9.0,,,,,Water pressure,0.0,12,2019,Hungarian,Budapest
16,C LECLERC,LEC,leclerc,Ferrari,dc0000,ferrari,Charles,Leclerc,Charles Leclerc,https://www.formula1.com/content/dam/fom-website/drivers/C/CHALEC01_Charles_Leclerc/chalec01.png,,1.0,1,1.0,,,,0 days 01:23:45.710000,Finished,25.0,13,2019,Belgian,Spa-Francorchamps
44,L HAMILTON,HAM,hamilton,Mercedes,00d2be,mercedes,Lewis,Hamilton,Lewis Hamilton,https://www.formula1.com/content/dam/fom-website/drivers/L/LEWHAM01_Lewis_Hamilton/lewham01.png,,2.0,2,3.0,,,,0 days 00:00:00.981000,Finished,18.0,13,2019,Belgian,Spa-Francorchamps
77,V BOTTAS,BOT,bottas,Mercedes,00d2be,mercedes,Valtteri,Bottas,Valtteri Bottas,https://www.formula1.com/content/dam/fom-website/drivers/V/VALBOT01_Valtteri_Bottas/valbot01.png,,3.0,3,4.0,,,,0 days 00:00:12.585000,Finished,15.0,13,2019,Belgian,Spa-Francorchamps
5,S VETTEL,VET,vettel,Ferrari,dc0000,ferrari,Sebastian,Vettel,Sebastian Vettel,https://www.formula1.com/content/dam/fom-website/drivers/S/SEBVET01_Sebastian_Vettel/sebvet01.png,,4.0,4,2.0,,,,0 days 00:00:26.422000,Finished,13.0,13,2019,Belgian,Spa-Francorchamps
23,A ALBON,ALB,albon,Red Bull Racing,1e41ff,red_bull,Alexander,Albon,Alexander Albon,https://www.formula1.com/content/dam/fom-website/drivers/A/ALEALB01_Alexander_Albon/alealb01.png,,5.0,5,17.0,,,,0 days 00:01:21.325000,Finished,10.0,13,2019,Belgian,Spa-Francorchamps
11,S PEREZ,PER,perez,Racing Point,f596c8,racing_point,Sergio,Perez,Sergio Perez,https://www.formula1.com/content/dam/fom-website/drivers/S/SERPER01_Sergio_Perez/serper01.png,,6.0,6,7.0,,,,0 days 00:01:24.448000,Finished,8.0,13,2019,Belgian,Spa-Francorchamps
26,D KVYAT,KVY,kvyat,Toro Rosso,469bff,toro_rosso,Daniil,Kvyat,Daniil Kvyat,https://www.formula1.com/content/dam/fom-website/drivers/D/DANKVY01_Daniil_Kvyat/dankvy01.png,,7.0,7,19.0,,,,0 days 00:01:29.657000,Finished,6.0,13,2019,Belgian,Spa-Francorchamps
27,N HULKENBERG,HUL,hulkenberg,Renault,fff500,renault,Nico,Hulkenberg,Nico Hulkenberg,https://www.formula1.com/content/dam/fom-website/drivers/N/NICHUL01_Nico_Hulkenberg/nichul01.png,,8.0,8,12.0,,,,0 days 00:01:46.639000,Finished,4.0,13,2019,Belgian,Spa-Francorchamps
10,P GASLY,GAS,gasly,Toro Rosso,469bff,toro_rosso,Pierre,Gasly,Pierre Gasly,https://www.formula1.com/content/dam/fom-website/drivers/P/PIEGAS01_Pierre_Gasly/piegas01.png,,9.0,9,13.0,,,,0 days 00:01:49.168000,Finished,2.0,13,2019,Belgian,Spa-Francorchamps
18,L STROLL,STR,stroll,Racing Point,f596c8,racing_point,Lance,Stroll,Lance Stroll,https://www.formula1.com/content/dam/fom-website/drivers/L/LANSTR01_Lance_Stroll/lanstr01.png,,10.0,10,16.0,,,,0 days 00:01:49.838000,Finished,1.0,13,2019,Belgian,Spa-Francorchamps
4,L NORRIS,NOR,norris,McLaren,ff8700,mclaren,Lando,Norris,Lando Norris,https://www.formula1.com/content/dam/fom-website/drivers/L/LANNOR01_Lando_Norris/lannor01.png,,11.0,11,11.0,,,,,Engine,0.0,13,2019,Belgian,Spa-Francorchamps
20,K MAGNUSSEN,MAG,kevin_magnussen,Haas F1 Team,bd9e57,haas,Kevin,Magnussen,Kevin Magnussen,https://www.formula1.com/content/dam/fom-website/drivers/K/KEVMAG01_Kevin_Magnussen/kevmag01.png,,12.0,12,8.0,,,,,+1 Lap,0.0,13,2019,Belgian,Spa-Francorchamps
8,R GROSJEAN,GRO,grosjean,Haas F1 Team,bd9e57,haas,Romain,Grosjean,Romain Grosjean,https://www.formula1.com/content/dam/fom-website/drivers/R/ROMGRO01_Romain_Grosjean/romgro01.png,,13.0,13,9.0,,,,,+1 Lap,0.0,13,2019,Belgian,Spa-Francorchamps
3,D RICCIARDO,RIC,ricciardo,Renault,fff500,renault,Daniel,Ricciardo,Daniel Ricciardo,https://www.formula1.com/content/dam/fom-website/drivers/D/DANRIC01_Daniel_Ricciardo/danric01.png,,14.0,14,10.0,,,,,+1 Lap,0.0,13,2019,Belgian,Spa-Francorchamps
63,G RUSSELL,RUS,russell,Williams,ffffff,williams,George,Russell,George Russell,https://www.formula1.com/content/dam/fom-website/drivers/G/GEORUS01_George_Russell/georus01.png,,15.0,15,14.0,,,,,+1 Lap,0.0,13,2019,Belgian,Spa-Francorchamps
7,K RAIKKONEN,RAI,raikkonen,Alfa Romeo Racing,9b0000,alfa,Kimi,Räikkönen,Kimi Räikkönen,https://www.formula1.com/content/dam/fom-website/drivers/K/KIMRAI01_Kimi_R%C3%A4ikk%C3%B6nen/kimrai01.png,,16.0,16,6.0,,,,,+1 Lap,0.0,13,2019,Belgian,Spa-Francorchamps
88,R KUBICA,KUB,kubica,Williams,ffffff,williams,Robert,Kubica,Robert Kubica,https://www.formula1.com/content/dam/fom-website/drivers/R/ROBKUB01_Robert_Kubica/robkub01.png,,17.0,17,0.0,,,,,+1 Lap,0.0,13,2019,Belgian,Spa-Francorchamps
99,A GIOVINAZZI,GIO,giovinazzi,Alfa Romeo Racing,9b0000,alfa,Antonio,Giovinazzi,Antonio Giovinazzi,https://www.formula1.com/content/dam/fom-website/drivers/A/ANTGIO01_Antonio_Giovinazzi/antgio01.png,,18.0,18,18.0,,,,,Accident,0.0,13,2019,Belgian,Spa-Francorchamps
55,C SAINZ,SAI,sainz,McLaren,ff8700,mclaren,Carlos,Sainz,Carlos Sainz,https://www.formula1.com/content/dam/fom-website/drivers/C/CARSAI01_Carlos_Sainz/carsai01.png,,19.0,R,15.0,,,,,Power loss,0.0,13,2019,Belgian,Spa-Francorchamps
33,M VERSTAPPEN,VER,max_verstappen,Red Bull Racing,1e41ff,red_bull,Max,Verstappen,Max Verstappen,https://www.formula1.com/content/dam/fom-website/drivers/M/MAXVER01_Max_Verstappen/maxver01.png,,20.0,R,5.0,,,,,Accident,0.0,13,2019,Belgian,Spa-Francorchamps
16,C LECLERC,LEC,leclerc,Ferrari,dc0000,ferrari,Charles,Leclerc,Charles Leclerc,https://www.formula1.com/content/dam/fom-website/drivers/C/CHALEC01_Charles_Leclerc/chalec01.png,,1.0,1,1.0,,,,0 days 01:15:26.665000,Finished,25.0,14,2019,Italian,Monza
77,V BOTTAS,BOT,bottas,Mercedes,00d2be,mercedes,Valtteri,Bottas,Valtteri Bottas,https://www.formula1.com/content/dam/fom-website/drivers/V/VALBOT01_Valtteri_Bottas/valbot01.png,,2.0,2,3.0,,,,0 days 00:00:00.835000,Finished,18.0,14,2019,Italian,Monza
44,L HAMILTON,HAM,hamilton,Mercedes,00d2be,mercedes,Lewis,Hamilton,Lewis Hamilton,https://www.formula1.com/content/dam/fom-website/drivers/L/LEWHAM01_Lewis_Hamilton/lewham01.png,,3.0,3,2.0,,,,0 days 00:00:35.199000,Finished,16.0,14,2019,Italian,Monza
3,D RICCIARDO,RIC,ricciardo,Renault,fff500,renault,Daniel,Ricciardo,Daniel Ricciardo,https://www.formula1.com/content/dam/fom-website/drivers/D/DANRIC01_Daniel_Ricciardo/danric01.png,,4.0,4,5.0,,,,0 days 00:00:45.515000,Finished,12.0,14,2019,Italian,Monza
27,N HULKENBERG,HUL,hulkenberg,Renault,fff500,renault,Nico,Hulkenberg,Nico Hulkenberg,https://www.formula1.com/content/dam/fom-website/drivers/N/NICHUL01_Nico_Hulkenberg/nichul01.png,,5.0,5,6.0,,,,0 days 00:00:58.165000,Finished,10.0,14,2019,Italian,Monza
23,A ALBON,ALB,albon,Red Bull Racing,1e41ff,red_bull,Alexander,Albon,Alexander Albon,https://www.formula1.com/content/dam/fom-website/drivers/A/ALEALB01_Alexander_Albon/alealb01.png,,6.0,6,8.0,,,,0 days 00:00:59.315000,Finished,8.0,14,2019,Italian,Monza
11,S PEREZ,PER,perez,Racing Point,f596c8,racing_point,Sergio,Perez,Sergio Perez,https://www.formula1.com/content/dam/fom-website/drivers/S/SERPER01_Sergio_Perez/serper01.png,,7.0,7,18.0,,,,0 days 00:01:13.802000,Finished,6.0,14,2019,Italian,Monza
33,M VERSTAPPEN,VER,max_verstappen,Red Bull Racing,1e41ff,red_bull,Max,Verstappen,Max Verstappen,https://www.formula1.com/content/dam/fom-website/drivers/M/MAXVER01_Max_Verstappen/maxver01.png,,8.0,8,19.0,,,,0 days 00:01:14.492000,Finished,4.0,14,2019,Italian,Monza
99,A GIOVINAZZI,GIO,giovinazzi,Alfa Romeo Racing,9b0000,alfa,Antonio,Giovinazzi,Antonio Giovinazzi,https://www.formula1.com/content/dam/fom-website/drivers/A/ANTGIO01_Antonio_Giovinazzi/antgio01.png,,9.0,9,10.0,,,,,+1 Lap,2.0,14,2019,Italian,Monza
4,L NORRIS,NOR,norris,McLaren,ff8700,mclaren,Lando,Norris,Lando Norris,https://www.formula1.com/content/dam/fom-website/drivers/L/LANNOR01_Lando_Norris/lannor01.png,,10.0,10,16.0,,,,,+1 Lap,1.0,14,2019,Italian,Monza
10,P GASLY,GAS,gasly,Toro Rosso,469bff,toro_rosso,Pierre,Gasly,Pierre Gasly,https://www.formula1.com/content/dam/fom-website/drivers/P/PIEGAS01_Pierre_Gasly/piegas01.png,,11.0,11,17.0,,,,,+1 Lap,0.0,14,2019,Italian,Monza
18,L STROLL,STR,stroll,Racing Point,f596c8,racing_point,Lance,Stroll,Lance Stroll,https://www.formula1.com/content/dam/fom-website/drivers/L/LANSTR01_Lance_Stroll/lanstr01.png,,12.0,12,9.0,,,,,+1 Lap,0.0,14,2019,Italian,Monza
5,S VETTEL,VET,vettel,Ferrari,dc0000,ferrari,Sebastian,Vettel,Sebastian Vettel,https://www.formula1.com/content/dam/fom-website/drivers/S/SEBVET01_Sebastian_Vettel/sebvet01.png,,13.0,13,4.0,,,,,+1 Lap,0.0,14,2019,Italian,Monza
63,G RUSSELL,RUS,russell,Williams,ffffff,williams,George,Russell,George Russell,https://www.formula1.com/content/dam/fom-website/drivers/G/GEORUS01_George_Russell/georus01.png,,14.0,14,14.0,,,,,+1 Lap,0.0,14,2019,Italian,Monza
7,K RAIKKONEN,RAI,raikkonen,Alfa Romeo Racing,9b0000,alfa,Kimi,Räikkönen,Kimi Räikkönen,https://www.formula1.com/content/dam/fom-website/drivers/K/KIMRAI01_Kimi_R%C3%A4ikk%C3%B6nen/kimrai01.png,,15.0,15,0.0,,,,,+1 Lap,0.0,14,2019,Italian,Monza
8,R GROSJEAN,GRO,grosjean,Haas F1 Team,bd9e57,haas,Romain,Grosjean,Romain Grosjean,https://www.formula1.com/content/dam/fom-website/drivers/R/ROMGRO01_Romain_Grosjean/romgro01.png,,16.0,16,13.0,,,,,+1 Lap,0.0,14,2019,Italian,Monza
88,R KUBICA,KUB,kubica,Williams,ffffff,williams,Robert,Kubica,Robert Kubica,https://www.formula1.com/content/dam/fom-website/drivers/R/ROBKUB01_Robert_Kubica/robkub01.png,,17.0,17,15.0,,,,,+2 Laps,0.0,14,2019,Italian,Monza
20,K MAGNUSSEN,MAG,kevin_magnussen,Haas F1 Team,bd9e57,haas,Kevin,Magnussen,Kevin Magnussen,https://www.formula1.com/content/dam/fom-website/drivers/K/KEVMAG01_Kevin_Magnussen/kevmag01.png,,18.0,R,11.0,,,,,Hydraulics,0.0,14,2019,Italian,Monza
26,D KVYAT,KVY,kvyat,Toro Rosso,469bff,toro_rosso,Daniil,Kvyat,Daniil Kvyat,https://www.formula1.com/content/dam/fom-website/drivers/D/DANKVY01_Daniil_Kvyat/dankvy01.png,,19.0,R,12.0,,,,,Engine,0.0,14,2019,Italian,Monza
55,C SAINZ,SAI,sainz,McLaren,ff8700,mclaren,Carlos,Sainz,Carlos Sainz,https://www.formula1.com/content/dam/fom-website/drivers/C/CARSAI01_Carlos_Sainz/carsai01.png,,20.0,R,7.0,,,,,Wheel,0.0,14,2019,Italian,Monza
5,S VETTEL,VET,vettel,Ferrari,dc0000,ferrari,Sebastian,Vettel,Sebastian Vettel,https://www.formula1.com/content/dam/fom-website/drivers/S/SEBVET01_Sebastian_Vettel/sebvet01.png,,1.0,1,3.0,,,,0 days 01:58:33.667000,Finished,25.0,15,2019,Singapore,Singapore
16,C LECLERC,LEC,leclerc,Ferrari,dc0000,ferrari,Charles,Leclerc,Charles Leclerc,https://www.formula1.com/content/dam/fom-website/drivers/C/CHALEC01_Charles_Leclerc/chalec01.png,,2.0,2,1.0,,,,0 days 00:00:02.641000,Finished,18.0,15,2019,Singapore,Singapore
33,M VERSTAPPEN,VER,max_verstappen,Red Bull Racing,1e41ff,red_bull,Max,Verstappen,Max Verstappen,https://www.formula1.com/content/dam/fom-website/drivers/M/MAXVER01_Max_Verstappen/maxver01.png,,3.0,3,4.0,,,,0 days 00:00:03.821000,Finished,15.0,15,2019,Singapore,Singapore
44,L HAMILTON,HAM,hamilton,Mercedes,00d2be,mercedes,Lewis,Hamilton,Lewis Hamilton,https://www.formula1.com/content/dam/fom-website/drivers/L/LEWHAM01_Lewis_Hamilton/lewham01.png,,4.0,4,2.0,,,,0 days 00:00:04.608000,Finished,12.0,15,2019,Singapore,Singapore
77,V BOTTAS,BOT,bottas,Mercedes,00d2be,mercedes,Valtteri,Bottas,Valtteri Bottas,https://www.formula1.com/content/dam/fom-website/drivers/V/VALBOT01_Valtteri_Bottas/valbot01.png,,5.0,5,5.0,,,,0 days 00:00:06.119000,Finished,10.0,15,2019,Singapore,Singapore
23,A ALBON,ALB,albon,Red Bull Racing,1e41ff,red_bull,Alexander,Albon,Alexander Albon,https://www.formula1.com/content/dam/fom-website/drivers/A/ALEALB01_Alexander_Albon/alealb01.png,,6.0,6,6.0,,,,0 days 00:00:11.663000,Finished,8.0,15,2019,Singapore,Singapore
4,L NORRIS,NOR,norris,McLaren,ff8700,mclaren,Lando,Norris,Lando Norris,https://www.formula1.com/content/dam/fom-website/drivers/L/LANNOR01_Lando_Norris/lannor01.png,,7.0,7,9.0,,,,0 days 00:00:14.769000,Finished,6.0,15,2019,Singapore,Singapore
10,P GASLY,GAS,gasly,Toro Rosso,469bff,toro_rosso,Pierre,Gasly,Pierre Gasly,https://www.formula1.com/content/dam/fom-website/drivers/P/PIEGAS01_Pierre_Gasly/piegas01.png,,8.0,8,11.0,,,,0 days 00:00:15.547000,Finished,4.0,15,2019,Singapore,Singapore
27,N HULKENBERG,HUL,hulkenberg,Renault,fff500,renault,Nico,Hulkenberg,Nico Hulkenberg,https://www.formula1.com/content/dam/fom-website/drivers/N/NICHUL01_Nico_Hulkenberg/nichul01.png,,9.0,9,8.0,,,,0 days 00:00:16.718000,Finished,2.0,15,2019,Singapore,Singapore
99,A GIOVINAZZI,GIO,giovinazzi,Alfa Romeo Racing,9b0000,alfa,Antonio,Giovinazzi,Antonio Giovinazzi,https://www.formula1.com/content/dam/fom-website/drivers/A/ANTGIO01_Antonio_Giovinazzi/antgio01.png,,10.0,10,10.0,,,,0 days 00:00:27.855000,Finished,1.0,15,2019,Singapore,Singapore
8,R GROSJEAN,GRO,grosjean,Haas F1 Team,bd9e57,haas,Romain,Grosjean,Romain Grosjean,https://www.formula1.com/content/dam/fom-website/drivers/R/ROMGRO01_Romain_Grosjean/romgro01.png,,11.0,11,17.0,,,,0 days 00:00:35.436000,Finished,0.0,15,2019,Singapore,Singapore
55,C SAINZ,SAI,sainz,McLaren,ff8700,mclaren,Carlos,Sainz,Carlos Sainz,https://www.formula1.com/content/dam/fom-website/drivers/C/CARSAI01_Carlos_Sainz/carsai01.png,,12.0,12,7.0,,,,0 days 00:00:35.974000,Finished,0.0,15,2019,Singapore,Singapore
18,L STROLL,STR,stroll,Racing Point,f596c8,racing_point,Lance,Stroll,Lance Stroll,https://www.formula1.com/content/dam/fom-website/drivers/L/LANSTR01_Lance_Stroll/lanstr01.png,,13.0,13,16.0,,,,0 days 00:00:36.419000,Finished,0.0,15,2019,Singapore,Singapore
3,D RICCIARDO,RIC,ricciardo,Renault,fff500,renault,Daniel,Ricciardo,Daniel Ricciardo,https://www.formula1.com/content/dam/fom-website/drivers/D/DANRIC01_Daniel_Ricciardo/danric01.png,,14.0,14,20.0,,,,0 days 00:00:37.660000,Finished,0.0,15,2019,Singapore,Singapore
26,D KVYAT,KVY,kvyat,Toro Rosso,469bff,toro_rosso,Daniil,Kvyat,Daniil Kvyat,https://www.formula1.com/content/dam/fom-website/drivers/D/DANKVY01_Daniil_Kvyat/dankvy01.png,,15.0,15,14.0,,,,0 days 00:00:38.178000,Finished,0.0,15,2019,Singapore,Singapore
88,R KUBICA,KUB,kubica,Williams,ffffff,williams,Robert,Kubica,Robert Kubica,https://www.formula1.com/content/dam/fom-website/drivers/R/ROBKUB01_Robert_Kubica/robkub01.png,,16.0,16,19.0,,,,0 days 00:00:47.024000,Finished,0.0,15,2019,Singapore,Singapore
20,K MAGNUSSEN,MAG,kevin_magnussen,Haas F1 Team,bd9e57,haas,Kevin,Magnussen,Kevin Magnussen,https://www.formula1.com/content/dam/fom-website/drivers/K/KEVMAG01_Kevin_Magnussen/kevmag01.png,,17.0,17,13.0,,,,0 days 00:01:26.522000,Finished,0.0,15,2019,Singapore,Singapore
7,K RAIKKONEN,RAI,raikkonen,Alfa Romeo Racing,9b0000,alfa,Kimi,Räikkönen,Kimi Räikkönen,https://www.formula1.com/content/dam/fom-website/drivers/K/KIMRAI01_Kimi_R%C3%A4ikk%C3%B6nen/kimrai01.png,,18.0,R,12.0,,,,,Collision,0.0,15,2019,Singapore,Singapore
11,S PEREZ,PER,perez,Racing Point,f596c8,racing_point,Sergio,Perez,Sergio Perez,https://www.formula1.com/content/dam/fom-website/drivers/S/SERPER01_Sergio_Perez/serper01.png,,19.0,R,15.0,,,,,Engine,0.0,15,2019,Singapore,Singapore
63,G RUSSELL,RUS,russell,Williams,ffffff,williams,George,Russell,George Russell,https://www.formula1.com/content/dam/fom-website/drivers/G/GEORUS01_George_Russell/georus01.png,,20.0,R,18.0,,,,,Collision,0.0,15,2019,Singapore,Singapore
44,L HAMILTON,HAM,hamilton,Mercedes,00d2be,mercedes,Lewis,Hamilton,Lewis Hamilton,https://www.formula1.com/content/dam/fom-website/drivers/L/LEWHAM01_Lewis_Hamilton/lewham01.png,,1.0,1,2.0,,,,0 days 01:33:38.992000,Finished,26.0,16,2019,Russian,Sochi
77,V BOTTAS,BOT,bottas,Mercedes,00d2be,mercedes,Valtteri,Bottas,Valtteri Bottas,https://www.formula1.com/content/dam/fom-website/drivers/V/VALBOT01_Valtteri_Bottas/valbot01.png,,2.0,2,4.0,,,,0 days 00:00:03.829000,Finished,18.0,16,2019,Russian,Sochi
16,C LECLERC,LEC,leclerc,Ferrari,dc0000,ferrari,Charles,Leclerc,Charles Leclerc,https://www.formula1.com/content/dam/fom-website/drivers/C/CHALEC01_Charles_Leclerc/chalec01.png,,3.0,3,1.0,,,,0 days 00:00:05.212000,Finished,15.0,16,2019,Russian,Sochi
33,M VERSTAPPEN,VER,max_verstappen,Red Bull Racing,1e41ff,red_bull,Max,Verstappen,Max Verstappen,https://www.formula1.com/content/dam/fom-website/drivers/M/MAXVER01_Max_Verstappen/maxver01.png,,4.0,4,9.0,,,,0 days 00:00:14.210000,Finished,12.0,16,2019,Russian,Sochi
23,A ALBON,ALB,albon,Red Bull Racing,1e41ff,red_bull,Alexander,Albon,Alexander Albon,https://www.formula1.com/content/dam/fom-website/drivers/A/ALEALB01_Alexander_Albon/alealb01.png,,5.0,5,0.0,,,,0 days 00:00:38.348000,Finished,10.0,16,2019,Russian,Sochi
55,C SAINZ,SAI,sainz,McLaren,ff8700,mclaren,Carlos,Sainz,Carlos Sainz,https://www.formula1.com/content/dam/fom-website/drivers/C/CARSAI01_Carlos_Sainz/carsai01.png,,6.0,6,5.0,,,,0 days 00:00:45.889000,Finished,8.0,16,2019,Russian,Sochi
11,S PEREZ,PER,perez,Racing Point,f596c8,racing_point,Sergio,Perez,Sergio Perez,https://www.formula1.com/content/dam/fom-website/drivers/S/SERPER01_Sergio_Perez/serper01.png,,7.0,7,11.0,,,,0 days 00:00:48.728000,Finished,6.0,16,2019,Russian,Sochi
4,L NORRIS,NOR,norris,McLaren,ff8700,mclaren,Lando,Norris,Lando Norris,https://www.formula1.com/content/dam/fom-website/drivers/L/LANNOR01_Lando_Norris/lannor01.png,,8.0,8,7.0,,,,0 days 00:00:57.749000,Finished,4.0,16,2019,Russian,Sochi
20,K MAGNUSSEN,MAG,kevin_magnussen,Haas F1 Team,bd9e57,haas,Kevin,Magnussen,Kevin Magnussen,https://www.formula1.com/content/dam/fom-website/drivers/K/KEVMAG01_Kevin_Magnussen/kevmag01.png,,9.0,9,13.0,,,,0 days 00:00:58.779000,Finished,2.0,16,2019,Russian,Sochi
27,N HULKENBERG,HUL,hulkenberg,Renault,fff500,renault,Nico,Hulkenberg,Nico Hulkenberg,https://www.formula1.com/content/dam/fom-website/drivers/N/NICHUL01_Nico_Hulkenberg/nichul01.png,,10.0,10,6.0,,,,0 days 00:00:59.841000,Finished,1.0,16,2019,Russian,Sochi
18,L STROLL,STR,stroll,Racing Point,f596c8,racing_point,Lance,Stroll,Lance Stroll,https://www.formula1.com/content/dam/fom-website/drivers/L/LANSTR01_Lance_Stroll/lanstr01.png,,11.0,11,14.0,,,,0 days 00:01:00.821000,Finished,0.0,16,2019,Russian,Sochi
26,D KVYAT,KVY,kvyat,Toro Rosso,469bff,toro_rosso,Daniil,Kvyat,Daniil Kvyat,https://www.formula1.com/content/dam/fom-website/drivers/D/DANKVY01_Daniil_Kvyat/dankvy01.png,,12.0,12,19.0,,,,0 days 00:01:02.496000,Finished,0.0,16,2019,Russian,Sochi
7,K RAIKKONEN,RAI,raikkonen,Alfa Romeo Racing,9b0000,alfa,Kimi,Räikkönen,Kimi Räikkönen,https://www.formula1.com/content/dam/fom-website/drivers/K/KIMRAI01_Kimi_R%C3%A4ikk%C3%B6nen/kimrai01.png,,13.0,13,15.0,,,,0 days 00:01:08.910000,Finished,0.0,16,2019,Russian,Sochi
10,P GASLY,GAS,gasly,Toro Rosso,469bff,toro_rosso,Pierre,Gasly,Pierre Gasly,https://www.formula1.com/content/dam/fom-website/drivers/P/PIEGAS01_Pierre_Gasly/piegas01.png,,14.0,14,16.0,,,,0 days 00:01:10.076000,Finished,0.0,16,2019,Russian,Sochi
99,A GIOVINAZZI,GIO,giovinazzi,Alfa Romeo Racing,9b0000,alfa,Antonio,Giovinazzi,Antonio Giovinazzi,https://www.formula1.com/content/dam/fom-website/drivers/A/ANTGIO01_Antonio_Giovinazzi/antgio01.png,,15.0,15,12.0,,,,0 days 00:01:13.346000,Finished,0.0,16,2019,Russian,Sochi
88,R KUBICA,KUB,kubica,Williams,ffffff,williams,Robert,Kubica,Robert Kubica,https://www.formula1.com/content/dam/fom-website/drivers/R/ROBKUB01_Robert_Kubica/robkub01.png,,16.0,R,18.0,,,,,Brakes,0.0,16,2019,Russian,Sochi
63,G RUSSELL,RUS,russell,Williams,ffffff,williams,George,Russell,George Russell,https://www.formula1.com/content/dam/fom-website/drivers/G/GEORUS01_George_Russell/georus01.png,,17.0,R,17.0,,,,,Brakes,0.0,16,2019,Russian,Sochi
5,S VETTEL,VET,vettel,Ferrari,dc0000,ferrari,Sebastian,Vettel,Sebastian Vettel,https://www.formula1.com/content/dam/fom-website/drivers/S/SEBVET01_Sebastian_Vettel/sebvet01.png,,18.0,R,3.0,,,,,Power loss,0.0,16,2019,Russian,Sochi
3,D RICCIARDO,RIC,ricciardo,Renault,fff500,renault,Daniel,Ricciardo,Daniel Ricciardo,https://www.formula1.com/content/dam/fom-website/drivers/D/DANRIC01_Daniel_Ricciardo/danric01.png,,19.0,R,10.0,,,,,Collision,0.0,16,2019,Russian,Sochi
8,R GROSJEAN,GRO,grosjean,Haas F1 Team,bd9e57,haas,Romain,Grosjean,Romain Grosjean,https://www.formula1.com/content/dam/fom-website/drivers/R/ROMGRO01_Romain_Grosjean/romgro01.png,,20.0,R,8.0,,,,,Collision,0.0,16,2019,Russian,Sochi
77,V BOTTAS,BOT,bottas,Mercedes,00d2be,mercedes,Valtteri,Bottas,Valtteri Bottas,https://www.formula1.com/content/dam/fom-website/drivers/V/VALBOT01_Valtteri_Bottas/valbot01.png,,1.0,1,3.0,,,,0 days 01:21:46.755000,Finished,25.0,17,2019,Japanese,Suzuka
5,S VETTEL,VET,vettel,Ferrari,dc0000,ferrari,Sebastian,Vettel,Sebastian Vettel,https://www.formula1.com/content/dam/fom-website/drivers/S/SEBVET01_Sebastian_Vettel/sebvet01.png,,2.0,2,1.0,,,,0 days 00:00:13.343000,Finished,18.0,17,2019,Japanese,Suzuka
44,L HAMILTON,HAM,hamilton,Mercedes,00d2be,mercedes,Lewis,Hamilton,Lewis Hamilton,https://www.formula1.com/content/dam/fom-website/drivers/L/LEWHAM01_Lewis_Hamilton/lewham01.png,,3.0,3,4.0,,,,0 days 00:00:13.858000,Finished,16.0,17,2019,Japanese,Suzuka
23,A ALBON,ALB,albon,Red Bull Racing,1e41ff,red_bull,Alexander,Albon,Alexander Albon,https://www.formula1.com/content/dam/fom-website/drivers/A/ALEALB01_Alexander_Albon/alealb01.png,,4.0,4,6.0,,,,0 days 00:00:59.537000,Finished,12.0,17,2019,Japanese,Suzuka
55,C SAINZ,SAI,sainz,McLaren,ff8700,mclaren,Carlos,Sainz,Carlos Sainz,https://www.formula1.com/content/dam/fom-website/drivers/C/CARSAI01_Carlos_Sainz/carsai01.png,,5.0,5,7.0,,,,0 days 00:01:09.101000,Finished,10.0,17,2019,Japanese,Suzuka
16,C LECLERC,LEC,leclerc,Ferrari,dc0000,ferrari,Charles,Leclerc,Charles Leclerc,https://www.formula1.com/content/dam/fom-website/drivers/C/CHALEC01_Charles_Leclerc/chalec01.png,,6.0,6,2.0,,,,,+1 Lap,8.0,17,2019,Japanese,Suzuka
10,P GASLY,GAS,gasly,Toro Rosso,469bff,toro_rosso,Pierre,Gasly,Pierre Gasly,https://www.formula1.com/content/dam/fom-website/drivers/P/PIEGAS01_Pierre_Gasly/piegas01.png,,7.0,7,9.0,,,,,+1 Lap,6.0,17,2019,Japanese,Suzuka
11,S PEREZ,PER,perez,Racing Point,f596c8,racing_point,Sergio,Perez,Sergio Perez,https://www.formula1.com/content/dam/fom-website/drivers/S/SERPER01_Sergio_Perez/serper01.png,,8.0,8,17.0,,,,,+1 Lap,4.0,17,2019,Japanese,Suzuka
18,L STROLL,STR,stroll,Racing Point,f596c8,racing_point,Lance,Stroll,Lance Stroll,https://www.formula1.com/content/dam/fom-website/drivers/L/LANSTR01_Lance_Stroll/lanstr01.png,,9.0,9,12.0,,,,,+1 Lap,2.0,17,2019,Japanese,Suzuka
26,D KVYAT,KVY,kvyat,Toro Rosso,469bff,toro_rosso,Daniil,Kvyat,Daniil Kvyat,https://www.formula1.com/content/dam/fom-website/drivers/D/DANKVY01_Daniil_Kvyat/dankvy01.png,,10.0,10,14.0,,,,,+1 Lap,1.0,17,2019,Japanese,Suzuka
4,L NORRIS,NOR,norris,McLaren,ff8700,mclaren,Lando,Norris,Lando Norris,https://www.formula1.com/content/dam/fom-website/drivers/L/LANNOR01_Lando_Norris/lannor01.png,,11.0,11,8.0,,,,,+1 Lap,0.0,17,2019,Japanese,Suzuka
7,K RAIKKONEN,RAI,raikkonen,Alfa Romeo Racing,9b0000,alfa,Kimi,Räikkönen,Kimi Räikkönen,https://www.formula1.com/content/dam/fom-website/drivers/K/KIMRAI01_Kimi_R%C3%A4ikk%C3%B6nen/kimrai01.png,,12.0,12,13.0,,,,,+1 Lap,0.0,17,2019,Japanese,Suzuka
8,R GROSJEAN,GRO,grosjean,Haas F1 Team,bd9e57,haas,Romain,Grosjean,Romain Grosjean,https://www.formula1.com/content/dam/fom-website/drivers/R/ROMGRO01_Romain_Grosjean/romgro01.png,,13.0,13,10.0,,,,,+1 Lap,0.0,17,2019,Japanese,Suzuka
99,A GIOVINAZZI,GIO,giovinazzi,Alfa Romeo Racing,9b0000,alfa,Antonio,Giovinazzi,Antonio Giovinazzi,https://www.formula1.com/content/dam/fom-website/drivers/A/ANTGIO01_Antonio_Giovinazzi/antgio01.png,,14.0,14,11.0,,,,,+1 Lap,0.0,17,2019,Japanese,Suzuka
20,K MAGNUSSEN,MAG,kevin_magnussen,Haas F1 Team,bd9e57,haas,Kevin,Magnussen,Kevin Magnussen,https://www.formula1.com/content/dam/fom-website/drivers/K/KEVMAG01_Kevin_Magnussen/kevmag01.png,,15.0,15,19.0,,,,,+1 Lap,0.0,17,2019,Japanese,Suzuka
63,G RUSSELL,RUS,russell,Williams,ffffff,williams,George,Russell,George Russell,https://www.formula1.com/content/dam/fom-website/drivers/G/GEORUS01_George_Russell/georus01.png,,16.0,16,18.0,,,,,+2 Laps,0.0,17,2019,Japanese,Suzuka
88,R KUBICA,KUB,kubica,Williams,ffffff,williams,Robert,Kubica,Robert Kubica,https://www.formula1.com/content/dam/fom-website/drivers/R/ROBKUB01_Robert_Kubica/robkub01.png,,17.0,17,0.0,,,,,+2 Laps,0.0,17,2019,Japanese,Suzuka
33,M VERSTAPPEN,VER,max_verstappen,Red Bull Racing,1e41ff,red_bull,Max,Verstappen,Max Verstappen,https://www.formula1.com/content/dam/fom-website/drivers/M/MAXVER01_Max_Verstappen/maxver01.png,,18.0,R,5.0,,,,,Brakes,0.0,17,2019,Japanese,Suzuka
3,D RICCIARDO,RIC,ricciardo,Renault,fff500,renault,Daniel,Ricciardo,Daniel Ricciardo,https://www.formula1.com/content/dam/fom-website/drivers/D/DANRIC01_Daniel_Ricciardo/danric01.png,,19.0,D,16.0,,,,,Disqualified,0.0,17,2019,Japanese,Suzuka
27,N HULKENBERG,HUL,hulkenberg,Renault,fff500,renault,Nico,Hulkenberg,Nico Hulkenberg,https://www.formula1.com/content/dam/fom-website/drivers/N/NICHUL01_Nico_Hulkenberg/nichul01.png,,20.0,D,15.0,,,,,Disqualified,0.0,17,2019,Japanese,Suzuka
44,L HAMILTON,HAM,hamilton,Mercedes,00d2be,mercedes,Lewis,Hamilton,Lewis Hamilton,https://www.formula1.com/content/dam/fom-website/drivers/L/LEWHAM01_Lewis_Hamilton/lewham01.png,,1.0,1,3.0,,,,0 days 01:36:48.904000,Finished,25.0,18,2019,Mexican,Mexico City
5,S VETTEL,VET,vettel,Ferrari,dc0000,ferrari,Sebastian,Vettel,Sebastian Vettel,https://www.formula1.com/content/dam/fom-website/drivers/S/SEBVET01_Sebastian_Vettel/sebvet01.png,,2.0,2,2.0,,,,0 days 00:00:01.766000,Finished,18.0,18,2019,Mexican,Mexico City
77,V BOTTAS,BOT,bottas,Mercedes,00d2be,mercedes,Valtteri,Bottas,Valtteri Bottas,https://www.formula1.com/content/dam/fom-website/drivers/V/VALBOT01_Valtteri_Bottas/valbot01.png,,3.0,3,6.0,,,,0 days 00:00:03.553000,Finished,15.0,18,2019,Mexican,Mexico City
16,C LECLERC,LEC,leclerc,Ferrari,dc0000,ferrari,Charles,Leclerc,Charles Leclerc,https://www.formula1.com/content/dam/fom-website/drivers/C/CHALEC01_Charles_Leclerc/chalec01.png,,4.0,4,1.0,,,,0 days 00:00:06.368000,Finished,13.0,18,2019,Mexican,Mexico City
23,A ALBON,ALB,albon,Red Bull Racing,1e41ff,red_bull,Alexander,Albon,Alexander Albon,https://www.formula1.com/content/dam/fom-website/drivers/A/ALEALB01_Alexander_Albon/alealb01.png,,5.0,5,5.0,,,,0 days 00:00:21.399000,Finished,10.0,18,2019,Mexican,Mexico City
33,M VERSTAPPEN,VER,max_verstappen,Red Bull Racing,1e41ff,red_bull,Max,Verstappen,Max Verstappen,https://www.formula1.com/content/dam/fom-website/drivers/M/MAXVER01_Max_Verstappen/maxver01.png,,6.0,6,4.0,,,,0 days 00:01:08.807000,Finished,8.0,18,2019,Mexican,Mexico City
11,S PEREZ,PER,perez,Racing Point,f596c8,racing_point,Sergio,Perez,Sergio Perez,https://www.formula1.com/content/dam/fom-website/drivers/S/SERPER01_Sergio_Perez/serper01.png,,7.0,7,11.0,,,,0 days 00:01:13.819000,Finished,6.0,18,2019,Mexican,Mexico City
3,D RICCIARDO,RIC,ricciardo,Renault,fff500,renault,Daniel,Ricciardo,Daniel Ricciardo,https://www.formula1.com/content/dam/fom-website/drivers/D/DANRIC01_Daniel_Ricciardo/danric01.png,,8.0,8,13.0,,,,0 days 00:01:14.924000,Finished,4.0,18,2019,Mexican,Mexico City
10,P GASLY,GAS,gasly,Toro Rosso,469bff,toro_rosso,Pierre,Gasly,Pierre Gasly,https://www.formula1.com/content/dam/fom-website/drivers/P/PIEGAS01_Pierre_Gasly/piegas01.png,,9.0,9,10.0,,,,,+1 Lap,2.0,18,2019,Mexican,Mexico City
27,N HULKENBERG,HUL,hulkenberg,Renault,fff500,renault,Nico,Hulkenberg,Nico Hulkenberg,https://www.formula1.com/content/dam/fom-website/drivers/N/NICHUL01_Nico_Hulkenberg/nichul01.png,,10.0,10,12.0,,,,,+1 Lap,1.0,18,2019,Mexican,Mexico City
26,D KVYAT,KVY,kvyat,Toro Rosso,469bff,toro_rosso,Daniil,Kvyat,Daniil Kvyat,https://www.formula1.com/content/dam/fom-website/drivers/D/DANKVY01_Daniil_Kvyat/dankvy01.png,,11.0,11,9.0,,,,,+1 Lap,0.0,18,2019,Mexican,Mexico City
18,L STROLL,STR,stroll,Racing Point,f596c8,racing_point,Lance,Stroll,Lance Stroll,https://www.formula1.com/content/dam/fom-website/drivers/L/LANSTR01_Lance_Stroll/lanstr01.png,,12.0,12,16.0,,,,,+1 Lap,0.0,18,2019,Mexican,Mexico City
55,C SAINZ,SAI,sainz,McLaren,ff8700,mclaren,Carlos,Sainz,Carlos Sainz,https://www.formula1.com/content/dam/fom-website/drivers/C/CARSAI01_Carlos_Sainz/carsai01.png,,13.0,13,7.0,,,,,+1 Lap,0.0,18,2019,Mexican,Mexico City
99,A GIOVINAZZI,GIO,giovinazzi,Alfa Romeo Racing,9b0000,alfa,Antonio,Giovinazzi,Antonio Giovinazzi,https://www.formula1.com/content/dam/fom-website/drivers/A/ANTGIO01_Antonio_Giovinazzi/antgio01.png,,14.0,14,15.0,,,,,+1 Lap,0.0,18,2019,Mexican,Mexico City
20,K MAGNUSSEN,MAG,kevin_magnussen,Haas F1 Team,bd9e57,haas,Kevin,Magnussen,Kevin Magnussen,https://www.formula1.com/content/dam/fom-website/drivers/K/KEVMAG01_Kevin_Magnussen/kevmag01.png,,15.0,15,17.0,,,,,+2 Laps,0.0,18,2019,Mexican,Mexico City
63,G RUSSELL,RUS,russell,Williams,ffffff,williams,George,Russell,George Russell,https://www.formula1.com/content/dam/fom-website/drivers/G/GEORUS01_George_Russell/georus01.png,,16.0,16,19.0,,,,,+2 Laps,0.0,18,2019,Mexican,Mexico City
8,R GROSJEAN,GRO,grosjean,Haas F1 Team,bd9e57,haas,Romain,Grosjean,Romain Grosjean,https://www.formula1.com/content/dam/fom-website/drivers/R/ROMGRO01_Romain_Grosjean/romgro01.png,,17.0,17,18.0,,,,,+2 Laps,0.0,18,2019,Mexican,Mexico City
88,R KUBICA,KUB,kubica,Williams,ffffff,williams,Robert,Kubica,Robert Kubica,https://www.formula1.com/content/dam/fom-website/drivers/R/ROBKUB01_Robert_Kubica/robkub01.png,,18.0,18,20.0,,,,,+2 Laps,0.0,18,2019,Mexican,Mexico City
7,K RAIKKONEN,RAI,raikkonen,Alfa Romeo Racing,9b0000,alfa,Kimi,Räikkönen,Kimi Räikkönen,https://www.formula1.com/content/dam/fom-website/drivers/K/KIMRAI01_Kimi_R%C3%A4ikk%C3%B6nen/kimrai01.png,,19.0,R,14.0,,,,,Overheating,0.0,18,2019,Mexican,Mexico City
4,L NORRIS,NOR,norris,McLaren,ff8700,mclaren,Lando,Norris,Lando Norris,https://www.formula1.com/content/dam/fom-website/drivers/L/LANNOR01_Lando_Norris/lannor01.png,,20.0,R,8.0,,,,,Withdrew,0.0,18,2019,Mexican,Mexico City
77,V BOTTAS,BOT,,Mercedes,00d2be,,Valtteri,Bottas,Valtteri Bottas,https://www.formula1.com/content/dam/fom-website/drivers/V/VALBOT01_Valtteri_Bottas/valbot01.png,,,,,,,,,,,19,2019,United States,Austin
5,S VETTEL,VET,,Ferrari,dc0000,,Sebastian,Vettel,Sebastian Vettel,https://www.formula1.com/content/dam/fom-website/drivers/S/SEBVET01_Sebastian_Vettel/sebvet01.png,,,,,,,,,,,19,2019,United States,Austin
33,M VERSTAPPEN,VER,,Red Bull Racing,1e41ff,,Max,Verstappen,Max Verstappen,https://www.formula1.com/content/dam/fom-website/drivers/M/MAXVER01_Max_Verstappen/maxver01.png,,,,,,,,,,,19,2019,United States,Austin
16,C LECLERC,LEC,,Ferrari,dc0000,,Charles,Leclerc,Charles Leclerc,https://www.formula1.com/content/dam/fom-website/drivers/C/CHALEC01_Charles_Leclerc/chalec01.png,,,,,,,,,,,19,2019,United States,Austin
44,L HAMILTON,HAM,,Mercedes,00d2be,,Lewis,Hamilton,Lewis Hamilton,https://www.formula1.com/content/dam/fom-website/drivers/L/LEWHAM01_Lewis_Hamilton/lewham01.png,,,,,,,,,,,19,2019,United States,Austin
23,A ALBON,ALB,,Red Bull Racing,1e41ff,,Alexander,Albon,Alexander Albon,https://www.formula1.com/content/dam/fom-website/drivers/A/ALEALB01_Alexander_Albon/alealb01.png,,,,,,,,,,,19,2019,United States,Austin
55,C SAINZ,SAI,,McLaren,ff8700,,Carlos,Sainz,Carlos Sainz,https://www.formula1.com/content/dam/fom-website/drivers/C/CARSAI01_Carlos_Sainz/carsai01.png,,,,,,,,,,,19,2019,United States,Austin
4,L NORRIS,NOR,,McLaren,ff8700,,Lando,Norris,Lando Norris,https://www.formula1.com/content/dam/fom-website/drivers/L/LANNOR01_Lando_Norris/lannor01.png,,,,,,,,,,,19,2019,United States,Austin
3,D RICCIARDO,RIC,,Renault,fff500,,Daniel,Ricciardo,Daniel Ricciardo,https://www.formula1.com/content/dam/fom-website/drivers/D/DANRIC01_Daniel_Ricciardo/danric01.png,,,,,,,,,,,19,2019,United States,Austin
10,P GASLY,GAS,,Toro Rosso,469bff,,Pierre,Gasly,Pierre Gasly,https://www.formula1.com/content/dam/fom-website/drivers/P/PIEGAS01_Pierre_Gasly/piegas01.png,,,,,,,,,,,19,2019,United States,Austin
27,N HULKENBERG,HUL,,Renault,fff500,,Nico,Hulkenberg,Nico Hulkenberg,https://www.formula1.com/content/dam/fom-website/drivers/N/NICHUL01_Nico_Hulkenberg/nichul01.png,,,,,,,,,,,19,2019,United States,Austin
20,K MAGNUSSEN,MAG,,Haas F1 Team,bd9e57,,Kevin,Magnussen,Kevin Magnussen,https://www.formula1.com/content/dam/fom-website/drivers/K/KEVMAG01_Kevin_Magnussen/kevmag01.png,,,,,,,,,,,19,2019,United States,Austin
26,D KVYAT,KVY,,Toro Rosso,469bff,,Daniil,Kvyat,Daniil Kvyat,https://www.formula1.com/content/dam/fom-website/drivers/D/DANKVY01_Daniil_Kvyat/dankvy01.png,,,,,,,,,,,19,2019,United States,Austin
18,L STROLL,STR,,Racing Point,f596c8,,Lance,Stroll,Lance Stroll,https://www.formula1.com/content/dam/fom-website/drivers/L/LANSTR01_Lance_Stroll/lanstr01.png,,,,,,,,,,,19,2019,United States,Austin
8,R GROSJEAN,GRO,,Haas F1 Team,bd9e57,,Romain,Grosjean,Romain Grosjean,https://www.formula1.com/content/dam/fom-website/drivers/R/ROMGRO01_Romain_Grosjean/romgro01.png,,,,,,,,,,,19,2019,United States,Austin
99,A GIOVINAZZI,GIO,,Alfa Romeo Racing,9b0000,,Antonio,Giovinazzi,Antonio Giovinazzi,https://www.formula1.com/content/dam/fom-website/drivers/A/ANTGIO01_Antonio_Giovinazzi/antgio01.png,,,,,,,,,,,19,2019,United States,Austin
7,K RAIKKONEN,RAI,,Alfa Romeo Racing,9b0000,,Kimi,Räikkönen,Kimi Räikkönen,https://www.formula1.com/content/dam/fom-website/drivers/K/KIMRAI01_Kimi_R%C3%A4ikk%C3%B6nen/kimrai01.png,,,,,,,,,,,19,2019,United States,Austin
63,G RUSSELL,RUS,,Williams,ffffff,,George,Russell,George Russell,https://www.formula1.com/content/dam/fom-website/drivers/G/GEORUS01_George_Russell/georus01.png,,,,,,,,,,,19,2019,United States,Austin
88,R KUBICA,KUB,,Williams,ffffff,,Robert,Kubica,Robert Kubica,https://www.formula1.com/content/dam/fom-website/drivers/R/ROBKUB01_Robert_Kubica/robkub01.png,,,,,,,,,,,19,2019,United States,Austin
11,S PEREZ,PER,,Racing Point,f596c8,,Sergio,Perez,Sergio Perez,https://www.formula1.com/content/dam/fom-website/drivers/S/SERPER01_Sergio_Perez/serper01.png,,,,,,,,,,,19,2019,United States,Austin
33,M VERSTAPPEN,VER,,Red Bull Racing,1e41ff,,Max,Verstappen,Max Verstappen,None,,,,,,,,,,,20,2019,Brazilian,São Paulo
5,S VETTEL,VET,,Ferrari,dc0000,,Sebastian,Vettel,Sebastian Vettel,None,,,,,,,,,,,20,2019,Brazilian,São Paulo
44,L HAMILTON,HAM,,Mercedes,00d2be,,Lewis,Hamilton,Lewis Hamilton,None,,,,,,,,,,,20,2019,Brazilian,São Paulo
77,V BOTTAS,BOT,,Mercedes,00d2be,,Valtteri,Bottas,Valtteri Bottas,None,,,,,,,,,,,20,2019,Brazilian,São Paulo
23,A ALBON,ALB,,Red Bull Racing,1e41ff,,Alexander,Albon,Alexander Albon,None,,,,,,,,,,,20,2019,Brazilian,São Paulo
10,P GASLY,GAS,,Toro Rosso,469bff,,Pierre,Gasly,Pierre Gasly,None,,,,,,,,,,,20,2019,Brazilian,São Paulo
8,R GROSJEAN,GRO,,Haas F1 Team,bd9e57,,Romain,Grosjean,Romain Grosjean,None,,,,,,,,,,,20,2019,Brazilian,São Paulo
7,K RAIKKONEN,RAI,,Alfa Romeo Racing,9b0000,,Kimi,Räikkönen,Kimi Räikkönen,None,,,,,,,,,,,20,2019,Brazilian,São Paulo
20,K MAGNUSSEN,MAG,,Haas F1 Team,bd9e57,,Kevin,Magnussen,Kevin Magnussen,None,,,,,,,,,,,20,2019,Brazilian,São Paulo
4,L NORRIS,NOR,,McLaren,ff8700,,Lando,Norris,Lando Norris,None,,,,,,,,,,,20,2019,Brazilian,São Paulo
3,D RICCIARDO,RIC,,Renault,fff500,,Daniel,Ricciardo,Daniel Ricciardo,None,,,,,,,,,,,20,2019,Brazilian,São Paulo
99,A GIOVINAZZI,GIO,,Alfa Romeo Racing,9b0000,,Antonio,Giovinazzi,Antonio Giovinazzi,None,,,,,,,,,,,20,2019,Brazilian,São Paulo
27,N HULKENBERG,HUL,,Renault,fff500,,Nico,Hulkenberg,Nico Hulkenberg,None,,,,,,,,,,,20,2019,Brazilian,São Paulo
16,C LECLERC,LEC,,Ferrari,dc0000,,Charles,Leclerc,Charles Leclerc,None,,,,,,,,,,,20,2019,Brazilian,São Paulo
11,S PEREZ,PER,,Racing Point,f596c8,,Sergio,Perez,Sergio Perez,None,,,,,,,,,,,20,2019,Brazilian,São Paulo
26,D KVYAT,KVY,,Toro Rosso,469bff,,Daniil,Kvyat,Daniil Kvyat,None,,,,,,,,,,,20,2019,Brazilian,São Paulo
18,L STROLL,STR,,Racing Point,f596c8,,Lance,Stroll,Lance Stroll,None,,,,,,,,,,,20,2019,Brazilian,São Paulo
63,G RUSSELL,RUS,,Williams,ffffff,,George,Russell,George Russell,https://www.formula1.com/content/dam/fom-website/drivers/G/GEORUS01_George_Russell/georus01.png.transform/1col/image.png,,,,,,,,,,,20,2019,Brazilian,São Paulo
88,R KUBICA,KUB,,Williams,ffffff,,Robert,Kubica,Robert Kubica,https://www.formula1.com/content/dam/fom-website/drivers/R/ROBKUB01_Robert_Kubica/robkub01.png.transform/1col/image.png,,,,,,,,,,,20,2019,Brazilian,São Paulo
55,C SAINZ,SAI,,McLaren,ff8700,,Carlos,Sainz,Carlos Sainz,None,,,,,,,,,,,20,2019,Brazilian,São Paulo
44,L HAMILTON,HAM,hamilton,Mercedes,00d2be,mercedes,Lewis,Hamilton,Lewis Hamilton,https://www.formula1.com/content/dam/fom-website/drivers/L/LEWHAM01_Lewis_Hamilton/lewham01.png.transform/1col/image.png,,1.0,1,1.0,,,,0 days 01:34:05.715000,Finished,26.0,21,2019,Abu Dhabi,Yas Island
33,M VERSTAPPEN,VER,max_verstappen,Red Bull Racing,1e41ff,red_bull,Max,Verstappen,Max Verstappen,https://www.formula1.com/content/dam/fom-website/drivers/M/MAXVER01_Max_Verstappen/maxver01.png.transform/1col/image.png,,2.0,2,2.0,,,,0 days 00:00:16.772000,Finished,18.0,21,2019,Abu Dhabi,Yas Island
16,C LECLERC,LEC,leclerc,Ferrari,dc0000,ferrari,Charles,Leclerc,Charles Leclerc,https://www.formula1.com/content/dam/fom-website/drivers/C/CHALEC01_Charles_Leclerc/chalec01.png.transform/1col/image.png,,3.0,3,3.0,,,,0 days 00:00:43.435000,Finished,15.0,21,2019,Abu Dhabi,Yas Island
77,V BOTTAS,BOT,bottas,Mercedes,00d2be,mercedes,Valtteri,Bottas,Valtteri Bottas,https://www.formula1.com/content/dam/fom-website/drivers/V/VALBOT01_Valtteri_Bottas/valbot01.png.transform/1col/image.png,,4.0,4,20.0,,,,0 days 00:00:44.379000,Finished,12.0,21,2019,Abu Dhabi,Yas Island
5,S VETTEL,VET,vettel,Ferrari,dc0000,ferrari,Sebastian,Vettel,Sebastian Vettel,https://www.formula1.com/content/dam/fom-website/drivers/S/SEBVET01_Sebastian_Vettel/sebvet01.png.transform/1col/image.png,,5.0,5,4.0,,,,0 days 00:01:04.357000,Finished,10.0,21,2019,Abu Dhabi,Yas Island
23,A ALBON,ALB,albon,Red Bull Racing,1e41ff,red_bull,Alexander,Albon,Alexander Albon,https://www.formula1.com/content/dam/fom-website/drivers/A/ALEALB01_Alexander_Albon/alealb01.png.transform/1col/image.png,,6.0,6,5.0,,,,0 days 00:01:09.205000,Finished,8.0,21,2019,Abu Dhabi,Yas Island
11,S PEREZ,PER,perez,Racing Point,f596c8,racing_point,Sergio,Perez,Sergio Perez,https://www.formula1.com/content/dam/fom-website/drivers/S/SERPER01_Sergio_Perez/serper01.png.transform/1col/image.png,,7.0,7,10.0,,,,,+1 Lap,6.0,21,2019,Abu Dhabi,Yas Island
4,L NORRIS,NOR,norris,McLaren,ff8700,mclaren,Lando,Norris,Lando Norris,https://www.formula1.com/content/dam/fom-website/drivers/L/LANNOR01_Lando_Norris/lannor01.png.transform/1col/image.png,,8.0,8,6.0,,,,,+1 Lap,4.0,21,2019,Abu Dhabi,Yas Island
26,D KVYAT,KVY,kvyat,Toro Rosso,469bff,toro_rosso,Daniil,Kvyat,Daniil Kvyat,https://www.formula1.com/content/dam/fom-website/drivers/D/DANKVY01_Daniil_Kvyat/dankvy01.png.transform/1col/image.png,,9.0,9,13.0,,,,,+1 Lap,2.0,21,2019,Abu Dhabi,Yas Island
55,C SAINZ,SAI,sainz,McLaren,ff8700,mclaren,Carlos,Sainz,Carlos Sainz,https://www.formula1.com/content/dam/fom-website/drivers/C/CARSAI01_Carlos_Sainz/carsai01.png.transform/1col/image.png,,10.0,10,8.0,,,,,+1 Lap,1.0,21,2019,Abu Dhabi,Yas Island
3,D RICCIARDO,RIC,ricciardo,Renault,fff500,renault,Daniel,Ricciardo,Daniel Ricciardo,https://www.formula1.com/content/dam/fom-website/drivers/D/DANRIC01_Daniel_Ricciardo/danric01.png.transform/1col/image.png,,11.0,11,7.0,,,,,+1 Lap,0.0,21,2019,Abu Dhabi,Yas Island
27,N HULKENBERG,HUL,hulkenberg,Renault,fff500,renault,Nico,Hulkenberg,Nico Hulkenberg,https://www.formula1.com/content/dam/fom-website/drivers/N/NICHUL01_Nico_Hulkenberg/nichul01.png.transform/1col/image.png,,12.0,12,9.0,,,,,+1 Lap,0.0,21,2019,Abu Dhabi,Yas Island
7,K RAIKKONEN,RAI,raikkonen,Alfa Romeo Racing,9b0000,alfa,Kimi,Räikkönen,Kimi Räikkönen,https://www.formula1.com/content/dam/fom-website/drivers/K/KIMRAI01_Kimi_R%C3%A4ikk%C3%B6nen/kimrai01.png.transform/1col/image.png,,13.0,13,17.0,,,,,+1 Lap,0.0,21,2019,Abu Dhabi,Yas Island
20,K MAGNUSSEN,MAG,kevin_magnussen,Haas F1 Team,bd9e57,haas,Kevin,Magnussen,Kevin Magnussen,https://www.formula1.com/content/dam/fom-website/drivers/K/KEVMAG01_Kevin_Magnussen/kevmag01.png.transform/1col/image.png,,14.0,14,14.0,,,,,+1 Lap,0.0,21,2019,Abu Dhabi,Yas Island
8,R GROSJEAN,GRO,grosjean,Haas F1 Team,bd9e57,haas,Romain,Grosjean,Romain Grosjean,https://www.formula1.com/content/dam/fom-website/drivers/R/ROMGRO01_Romain_Grosjean/romgro01.png.transform/1col/image.png,,15.0,15,15.0,,,,,+1 Lap,0.0,21,2019,Abu Dhabi,Yas Island
99,A GIOVINAZZI,GIO,giovinazzi,Alfa Romeo Racing,9b0000,alfa,Antonio,Giovinazzi,Antonio Giovinazzi,https://www.formula1.com/content/dam/fom-website/drivers/A/ANTGIO01_Antonio_Giovinazzi/antgio01.png.transform/1col/image.png,,16.0,16,16.0,,,,,+1 Lap,0.0,21,2019,Abu Dhabi,Yas Island
63,G RUSSELL,RUS,russell,Williams,ffffff,williams,George,Russell,George Russell,https://www.formula1.com/content/dam/fom-website/drivers/G/GEORUS01_George_Russell/georus01.png.transform/1col/image.png,,17.0,17,18.0,,,,,+1 Lap,0.0,21,2019,Abu Dhabi,Yas Island
10,P GASLY,GAS,gasly,Toro Rosso,469bff,toro_rosso,Pierre,Gasly,Pierre Gasly,https://www.formula1.com/content/dam/fom-website/drivers/P/PIEGAS01_Pierre_Gasly/piegas01.png.transform/1col/image.png,,18.0,18,11.0,,,,,+2 Laps,0.0,21,2019,Abu Dhabi,Yas Island
88,R KUBICA,KUB,kubica,Williams,ffffff,williams,Robert,Kubica,Robert Kubica,https://www.formula1.com/content/dam/fom-website/drivers/R/ROBKUB01_Robert_Kubica/robkub01.png.transform/1col/image.png,,19.0,19,19.0,,,,,+2 Laps,0.0,21,2019,Abu Dhabi,Yas Island
18,L STROLL,STR,stroll,Racing Point,f596c8,racing_point,Lance,Stroll,Lance Stroll,https://www.formula1.com/content/dam/fom-website/drivers/L/LANSTR01_Lance_Stroll/lanstr01.png.transform/1col/image.png,,20.0,R,12.0,,,,,Brakes,0.0,21,2019,Abu Dhabi,Yas Island
