Race ID,Year,Position,Driver ID,Last Name,First Name,Constructor,Constructor ID,Points,Status,Fastest Lap Time,Fastest Lap Avg Speed (kph),Total Points,Wins,Total Wins
1,2023,1,max_verstappen,Verstappen,Max,Red Bull,red_bull,25,Finished,1:36.236,202.452,2429.5,1,39.0
1,2023,2,perez,Pérez,Sergio,Red Bull,red_bull,18,Finished,1:36.344,202.225,1672.0,0,4.0
1,2023,3,alonso,Alonso,Fernando,Aston Martin,aston_martin,15,Finished,1:36.156,202.620,3925.0,0,64.0
1,2023,4,sainz,Sainz,Carlos,Ferrari,ferrari,12,Finished,1:37.130,200.588,893.5,0,1.0
1,2023,5,hamilton,Hamilton,Lewis,Mercedes,mercedes,10,Finished,1:36.546,201.802,7016.5,0,165.0
1,2023,6,stroll,Stroll,Lance,Aston Martin,aston_martin,8,Finished,1:36.546,201.802,242.0,0,0.0
1,2023,7,russell,Russell,George,Mercedes,mercedes,6,Finished,1:37.221,200.401,287.0,0,1.0
1,2023,8,bottas,Bottas,Valtteri,Alfa Romeo,alfa,4,Finished,1:37.379,200.075,2498.0,0,13.0
1,2023,9,gasly,Gasly,Pierre,Alpine F1 Team,alpine,2,Finished,1:35.068,204.939,334.0,0,1.0
1,2023,10,albon,Albon,Alexander,Williams,williams,1,Finished,1:37.144,200.559,202.0,0,0.0
1,2023,11,tsunoda,Tsunoda,Yuki,AlphaTauri,alphatauri,0,Finished,1:36.637,201.612,44.0,0,0.0
1,2023,12,sargeant,Sargeant,Logan,Williams,williams,0,+1 Lap,1:36.037,202.871,0.0,0,0.0
1,2023,13,kevin_magnussen,Magnussen,Kevin,Haas F1 Team,haas,0,+1 Lap,1:36.471,201.959,260.0,0,0.0
1,2023,14,de_vries,de Vries,Nyck,AlphaTauri,alphatauri,0,+1 Lap,1:37.709,199.400,2.0,0,0.0
1,2023,15,hulkenberg,Hülkenberg,Nico,Haas F1 Team,haas,0,+1 Lap,1:36.616,201.656,926.0,0,0.0
1,2023,16,zhou,Zhou,Guanyu,Alfa Romeo,alfa,0,+1 Lap,1:33.996,207.276,6.0,0,0.0
1,2023,17,norris,Norris,Lando,McLaren,mclaren,0,+2 Laps,1:35.822,203.327,422.0,0,0.0
1,2023,18,ocon,Ocon,Esteban,Alpine F1 Team,alpine,0,Mechanical,1:36.797,201.278,448.0,0,1.0
1,2023,19,leclerc,Leclerc,Charles,Ferrari,ferrari,0,Engine,1:37.170,200.506,851.0,0,5.0
1,2023,20,piastri,Piastri,Oscar,McLaren,mclaren,0,Electrical,1:40.691,193.494,0.0,0,0.0
2,2023,1,perez,Pérez,Sergio,Red Bull,red_bull,25,Finished,1:32.188,241.098,1697.0,1,5.0
2,2023,2,max_verstappen,Verstappen,Max,Red Bull,red_bull,19,Finished,1:31.906,241.838,2448.5,0,39.0
2,2023,3,alonso,Alonso,Fernando,Aston Martin,aston_martin,15,Finished,1:32.240,240.962,3940.0,0,64.0
2,2023,4,russell,Russell,George,Mercedes,mercedes,12,Finished,1:32.433,240.459,299.0,0,1.0
2,2023,5,hamilton,Hamilton,Lewis,Mercedes,mercedes,10,Finished,1:32.941,239.145,7026.5,0,165.0
2,2023,6,sainz,Sainz,Carlos,Ferrari,ferrari,8,Finished,1:32.822,239.451,901.5,0,1.0
2,2023,7,leclerc,Leclerc,Charles,Ferrari,ferrari,6,Finished,1:33.056,238.849,857.0,0,5.0
2,2023,8,ocon,Ocon,Esteban,Alpine F1 Team,alpine,4,Finished,1:33.222,238.424,452.0,0,1.0
2,2023,9,gasly,Gasly,Pierre,Alpine F1 Team,alpine,2,Finished,1:33.392,237.990,336.0,0,1.0
2,2023,10,kevin_magnussen,Magnussen,Kevin,Haas F1 Team,haas,1,Finished,1:33.374,238.036,261.0,0,0.0
2,2023,11,tsunoda,Tsunoda,Yuki,AlphaTauri,alphatauri,0,Finished,1:33.931,236.624,44.0,0,0.0
2,2023,12,hulkenberg,Hülkenberg,Nico,Haas F1 Team,haas,0,Finished,1:33.780,237.005,926.0,0,0.0
2,2023,13,zhou,Zhou,Guanyu,Alfa Romeo,alfa,0,Finished,1:33.894,236.718,6.0,0,0.0
2,2023,14,de_vries,de Vries,Nyck,AlphaTauri,alphatauri,0,Finished,1:33.609,237.438,2.0,0,0.0
2,2023,15,piastri,Piastri,Oscar,McLaren,mclaren,0,Finished,1:34.287,235.731,0.0,0,0.0
2,2023,16,sargeant,Sargeant,Logan,Williams,williams,0,Finished,1:34.469,235.277,0.0,0,0.0
2,2023,17,norris,Norris,Lando,McLaren,mclaren,0,Finished,1:34.122,236.144,422.0,0,0.0
2,2023,18,bottas,Bottas,Valtteri,Alfa Romeo,alfa,0,+1 Lap,1:34.384,235.489,2498.0,0,13.0
2,2023,19,albon,Albon,Alexander,Williams,williams,0,Brakes,1:35.567,232.574,202.0,0,0.0
2,2023,20,stroll,Stroll,Lance,Aston Martin,aston_martin,0,Engine,1:35.140,233.617,242.0,0,0.0
3,2023,1,max_verstappen,Verstappen,Max,Red Bull,red_bull,25,Finished,1:20.342,236.498,2473.5,1,40.0
3,2023,2,hamilton,Hamilton,Lewis,Mercedes,mercedes,18,Finished,1:20.613,235.703,7044.5,0,165.0
3,2023,3,alonso,Alonso,Fernando,Aston Martin,aston_martin,15,Finished,1:20.476,236.105,3955.0,0,64.0
3,2023,4,stroll,Stroll,Lance,Aston Martin,aston_martin,12,Finished,1:20.934,234.769,254.0,0,0.0
3,2023,5,perez,Pérez,Sergio,Red Bull,red_bull,11,Finished,1:20.235,236.814,1708.0,0,5.0
3,2023,6,norris,Norris,Lando,McLaren,mclaren,8,Finished,1:21.173,234.077,430.0,0,0.0
3,2023,7,hulkenberg,Hülkenberg,Nico,Haas F1 Team,haas,6,Finished,1:21.124,234.219,932.0,0,0.0
3,2023,8,piastri,Piastri,Oscar,McLaren,mclaren,4,Finished,1:21.335,233.611,4.0,0,0.0
3,2023,9,zhou,Zhou,Guanyu,Alfa Romeo,alfa,2,Finished,1:21.819,232.229,8.0,0,0.0
3,2023,10,tsunoda,Tsunoda,Yuki,AlphaTauri,alphatauri,1,Finished,1:21.789,232.314,45.0,0,0.0
3,2023,11,bottas,Bottas,Valtteri,Alfa Romeo,alfa,0,Finished,1:22.233,231.060,2498.0,0,13.0
3,2023,12,sainz,Sainz,Carlos,Ferrari,ferrari,0,Finished,1:20.467,236.131,901.5,0,1.0
3,2023,13,gasly,Gasly,Pierre,Alpine F1 Team,alpine,0,Collision,1:20.995,234.592,336.0,0,1.0
3,2023,14,ocon,Ocon,Esteban,Alpine F1 Team,alpine,0,Collision,1:21.203,233.991,452.0,0,1.0
3,2023,15,de_vries,de Vries,Nyck,AlphaTauri,alphatauri,0,Collision,1:21.183,234.049,2.0,0,0.0
3,2023,16,sargeant,Sargeant,Logan,Williams,williams,0,Collision,1:21.456,233.264,0.0,0,0.0
3,2023,17,kevin_magnussen,Magnussen,Kevin,Haas F1 Team,haas,0,Accident,1:21.685,232.610,261.0,0,0.0
3,2023,18,russell,Russell,George,Mercedes,mercedes,0,Engine,1:22.680,229.811,299.0,0,1.0
3,2023,19,albon,Albon,Alexander,Williams,williams,0,Accident,1:23.349,227.966,202.0,0,0.0
3,2023,20,leclerc,Leclerc,Charles,Ferrari,ferrari,0,Collision,,,857.0,0,5.0
4,2023,1,perez,Pérez,Sergio,Red Bull,red_bull,25,Finished,1:44.589,206.625,1733.0,1,6.0
4,2023,2,max_verstappen,Verstappen,Max,Red Bull,red_bull,18,Finished,1:44.232,207.333,2491.5,0,40.0
4,2023,3,leclerc,Leclerc,Charles,Ferrari,ferrari,15,Finished,1:44.561,206.681,872.0,0,5.0
4,2023,4,alonso,Alonso,Fernando,Aston Martin,aston_martin,12,Finished,1:44.241,207.315,3967.0,0,64.0
4,2023,5,sainz,Sainz,Carlos,Ferrari,ferrari,10,Finished,1:45.175,205.474,911.5,0,1.0
4,2023,6,hamilton,Hamilton,Lewis,Mercedes,mercedes,8,Finished,1:45.346,205.141,7052.5,0,165.0
4,2023,7,stroll,Stroll,Lance,Aston Martin,aston_martin,6,Finished,1:45.627,204.595,260.0,0,0.0
4,2023,8,russell,Russell,George,Mercedes,mercedes,5,Finished,1:43.370,209.062,304.0,0,1.0
4,2023,9,norris,Norris,Lando,McLaren,mclaren,2,Finished,1:45.738,204.380,432.0,0,0.0
4,2023,10,tsunoda,Tsunoda,Yuki,AlphaTauri,alphatauri,1,Finished,1:45.727,204.401,46.0,0,0.0
4,2023,11,piastri,Piastri,Oscar,McLaren,mclaren,0,Finished,1:45.631,204.587,4.0,0,0.0
4,2023,12,albon,Albon,Alexander,Williams,williams,0,Finished,1:45.925,204.019,202.0,0,0.0
4,2023,13,kevin_magnussen,Magnussen,Kevin,Haas F1 Team,haas,0,Finished,1:45.850,204.164,261.0,0,0.0
4,2023,14,gasly,Gasly,Pierre,Alpine F1 Team,alpine,0,Finished,1:45.540,204.764,336.0,0,1.0
4,2023,15,ocon,Ocon,Esteban,Alpine F1 Team,alpine,0,Finished,1:45.908,204.052,452.0,0,1.0
4,2023,16,sargeant,Sargeant,Logan,Williams,williams,0,Finished,1:46.501,202.916,0.0,0,0.0
4,2023,17,hulkenberg,Hülkenberg,Nico,Haas F1 Team,haas,0,+1 Lap,1:46.731,202.479,932.0,0,0.0
4,2023,18,bottas,Bottas,Valtteri,Alfa Romeo,alfa,0,+1 Lap,1:46.304,203.292,2498.0,0,13.0
4,2023,19,zhou,Zhou,Guanyu,Alfa Romeo,alfa,0,Overheating,1:47.553,200.931,8.0,0,0.0
4,2023,20,de_vries,de Vries,Nyck,AlphaTauri,alphatauri,0,Accident,1:48.781,198.663,2.0,0,0.0
5,2023,1,max_verstappen,Verstappen,Max,Red Bull,red_bull,26,Finished,1:29.708,217.184,2517.5,1,41.0
5,2023,2,perez,Pérez,Sergio,Red Bull,red_bull,18,Finished,1:30.560,215.141,1751.0,0,6.0
5,2023,3,alonso,Alonso,Fernando,Aston Martin,aston_martin,15,Finished,1:30.519,215.238,3982.0,0,64.0
5,2023,4,russell,Russell,George,Mercedes,mercedes,12,Finished,1:31.015,214.065,316.0,0,1.0
5,2023,5,sainz,Sainz,Carlos,Ferrari,ferrari,10,Finished,1:31.362,213.252,921.5,0,1.0
5,2023,6,hamilton,Hamilton,Lewis,Mercedes,mercedes,8,Finished,1:30.669,214.882,7060.5,0,165.0
5,2023,7,leclerc,Leclerc,Charles,Ferrari,ferrari,6,Finished,1:31.434,213.084,878.0,0,5.0
5,2023,8,gasly,Gasly,Pierre,Alpine F1 Team,alpine,4,Finished,1:31.971,211.840,340.0,0,1.0
5,2023,9,ocon,Ocon,Esteban,Alpine F1 Team,alpine,2,Finished,1:31.143,213.765,454.0,0,1.0
5,2023,10,kevin_magnussen,Magnussen,Kevin,Haas F1 Team,haas,1,Finished,1:31.691,212.487,262.0,0,0.0
5,2023,11,tsunoda,Tsunoda,Yuki,AlphaTauri,alphatauri,0,Finished,1:31.038,214.011,46.0,0,0.0
5,2023,12,stroll,Stroll,Lance,Aston Martin,aston_martin,0,Finished,1:30.862,214.426,260.0,0,0.0
5,2023,13,bottas,Bottas,Valtteri,Alfa Romeo,alfa,0,Finished,1:31.838,212.147,2498.0,0,13.0
5,2023,14,albon,Albon,Alexander,Williams,williams,0,Finished,1:31.852,212.115,202.0,0,0.0
5,2023,15,hulkenberg,Hülkenberg,Nico,Haas F1 Team,haas,0,Finished,1:30.901,214.334,932.0,0,0.0
5,2023,16,zhou,Zhou,Guanyu,Alfa Romeo,alfa,0,Finished,1:31.736,212.383,8.0,0,0.0
5,2023,17,norris,Norris,Lando,McLaren,mclaren,0,Finished,1:32.401,210.854,432.0,0,0.0
5,2023,18,de_vries,de Vries,Nyck,AlphaTauri,alphatauri,0,Finished,1:31.562,212.786,2.0,0,0.0
5,2023,19,piastri,Piastri,Oscar,McLaren,mclaren,0,+1 Lap,1:32.006,211.760,4.0,0,0.0
5,2023,20,sargeant,Sargeant,Logan,Williams,williams,0,+1 Lap,1:32.384,210.893,0.0,0,0.0
6,2023,1,max_verstappen,Verstappen,Max,Red Bull,red_bull,25,Finished,1:16.604,156.822,2542.5,1,42.0
6,2023,2,alonso,Alonso,Fernando,Aston Martin,aston_martin,18,Finished,1:16.674,156.678,4000.0,0,64.0
6,2023,3,ocon,Ocon,Esteban,Alpine F1 Team,alpine,15,Finished,1:16.528,156.977,469.0,0,1.0
6,2023,4,hamilton,Hamilton,Lewis,Mercedes,mercedes,13,Finished,1:15.650,158.799,7073.5,0,165.0
6,2023,5,russell,Russell,George,Mercedes,mercedes,10,Finished,1:16.798,156.425,326.0,0,1.0
6,2023,6,leclerc,Leclerc,Charles,Ferrari,ferrari,8,Finished,1:15.773,158.541,886.0,0,5.0
6,2023,7,gasly,Gasly,Pierre,Alpine F1 Team,alpine,6,Finished,1:15.831,158.420,346.0,0,1.0
6,2023,8,sainz,Sainz,Carlos,Ferrari,ferrari,4,Finished,1:16.449,157.140,925.5,0,1.0
6,2023,9,norris,Norris,Lando,McLaren,mclaren,2,+1 Lap,1:17.844,154.324,434.0,0,0.0
6,2023,10,piastri,Piastri,Oscar,McLaren,mclaren,1,+1 Lap,1:17.513,154.983,5.0,0,0.0
6,2023,11,bottas,Bottas,Valtteri,Alfa Romeo,alfa,0,+1 Lap,1:17.824,154.363,2498.0,0,13.0
6,2023,12,de_vries,de Vries,Nyck,AlphaTauri,alphatauri,0,+1 Lap,1:17.561,154.887,2.0,0,0.0
6,2023,13,zhou,Zhou,Guanyu,Alfa Romeo,alfa,0,+1 Lap,1:16.926,156.165,8.0,0,0.0
6,2023,14,albon,Albon,Alexander,Williams,williams,0,+1 Lap,1:16.672,156.683,202.0,0,0.0
6,2023,15,tsunoda,Tsunoda,Yuki,AlphaTauri,alphatauri,0,+2 Laps,1:17.680,154.649,46.0,0,0.0
6,2023,16,perez,Pérez,Sergio,Red Bull,red_bull,0,+2 Laps,1:16.269,157.510,1751.0,0,6.0
6,2023,17,hulkenberg,Hülkenberg,Nico,Haas F1 Team,haas,0,+2 Laps,1:16.991,156.033,932.0,0,0.0
6,2023,18,sargeant,Sargeant,Logan,Williams,williams,0,+2 Laps,1:17.302,155.406,0.0,0,0.0
6,2023,19,kevin_magnussen,Magnussen,Kevin,Haas F1 Team,haas,0,Collision damage,1:18.351,153.325,262.0,0,0.0
6,2023,20,stroll,Stroll,Lance,Aston Martin,aston_martin,0,Accident,1:17.769,154.472,260.0,0,0.0
7,2023,1,max_verstappen,Verstappen,Max,Red Bull,red_bull,26,Finished,1:16.330,219.641,2568.5,1,43.0
7,2023,2,hamilton,Hamilton,Lewis,Mercedes,mercedes,18,Finished,1:16.676,218.649,7091.5,0,165.0
7,2023,3,russell,Russell,George,Mercedes,mercedes,15,Finished,1:17.875,215.283,341.0,0,1.0
7,2023,4,perez,Pérez,Sergio,Red Bull,red_bull,12,Finished,1:16.666,218.678,1763.0,0,6.0
7,2023,5,sainz,Sainz,Carlos,Ferrari,ferrari,10,Finished,1:18.403,213.833,935.5,0,1.0
7,2023,6,stroll,Stroll,Lance,Aston Martin,aston_martin,8,Finished,1:18.722,212.967,268.0,0,0.0
7,2023,7,alonso,Alonso,Fernando,Aston Martin,aston_martin,6,Finished,1:18.083,214.709,4006.0,0,64.0
7,2023,8,ocon,Ocon,Esteban,Alpine F1 Team,alpine,4,Finished,1:18.946,212.362,473.0,0,1.0
7,2023,9,zhou,Zhou,Guanyu,Alfa Romeo,alfa,2,Finished,1:18.753,212.883,10.0,0,0.0
7,2023,10,gasly,Gasly,Pierre,Alpine F1 Team,alpine,1,Finished,1:18.375,213.910,347.0,0,1.0
7,2023,11,leclerc,Leclerc,Charles,Ferrari,ferrari,0,Finished,1:18.357,213.959,886.0,0,5.0
7,2023,12,tsunoda,Tsunoda,Yuki,AlphaTauri,alphatauri,0,Finished,1:18.904,212.475,46.0,0,0.0
7,2023,13,piastri,Piastri,Oscar,McLaren,mclaren,0,+1 Lap,1:18.679,213.083,5.0,0,0.0
7,2023,14,de_vries,de Vries,Nyck,AlphaTauri,alphatauri,0,+1 Lap,1:18.594,213.313,2.0,0,0.0
7,2023,15,hulkenberg,Hülkenberg,Nico,Haas F1 Team,haas,0,+1 Lap,1:18.776,212.821,932.0,0,0.0
7,2023,16,albon,Albon,Alexander,Williams,williams,0,+1 Lap,1:19.133,211.861,202.0,0,0.0
7,2023,17,norris,Norris,Lando,McLaren,mclaren,0,+1 Lap,1:17.182,217.216,434.0,0,0.0
7,2023,18,kevin_magnussen,Magnussen,Kevin,Haas F1 Team,haas,0,+1 Lap,1:18.069,214.748,262.0,0,0.0
7,2023,19,bottas,Bottas,Valtteri,Alfa Romeo,alfa,0,+1 Lap,1:18.242,214.273,2498.0,0,13.0
7,2023,20,sargeant,Sargeant,Logan,Williams,williams,0,+1 Lap,1:19.247,211.556,0.0,0,0.0
8,2023,1,max_verstappen,Verstappen,Max,Red Bull,red_bull,25,Finished,1:15.594,207.683,2593.5,1,44.0
8,2023,2,alonso,Alonso,Fernando,Aston Martin,aston_martin,18,Finished,1:15.779,207.176,4024.0,0,64.0
8,2023,3,hamilton,Hamilton,Lewis,Mercedes,mercedes,15,Finished,1:15.396,208.228,7106.5,0,165.0
8,2023,4,leclerc,Leclerc,Charles,Ferrari,ferrari,12,Finished,1:15.907,206.826,898.0,0,5.0
8,2023,5,sainz,Sainz,Carlos,Ferrari,ferrari,10,Finished,1:15.911,206.815,945.5,0,1.0
8,2023,6,perez,Pérez,Sergio,Red Bull,red_bull,9,Finished,1:14.481,210.786,1772.0,0,6.0
8,2023,7,albon,Albon,Alexander,Williams,williams,6,Finished,1:16.917,204.110,208.0,0,0.0
8,2023,8,ocon,Ocon,Esteban,Alpine F1 Team,alpine,4,Finished,1:16.782,204.469,477.0,0,1.0
8,2023,9,stroll,Stroll,Lance,Aston Martin,aston_martin,2,Finished,1:16.564,205.051,270.0,0,0.0
8,2023,10,bottas,Bottas,Valtteri,Alfa Romeo,alfa,1,Finished,1:16.625,204.888,2499.0,0,13.0
8,2023,11,piastri,Piastri,Oscar,McLaren,mclaren,0,Finished,1:16.598,204.960,5.0,0,0.0
8,2023,12,gasly,Gasly,Pierre,Alpine F1 Team,alpine,0,Finished,1:16.425,205.424,347.0,0,1.0
8,2023,13,norris,Norris,Lando,McLaren,mclaren,0,Finished,1:16.374,205.562,434.0,0,0.0
8,2023,14,tsunoda,Tsunoda,Yuki,AlphaTauri,alphatauri,0,Finished,1:16.666,204.779,46.0,0,0.0
8,2023,15,hulkenberg,Hülkenberg,Nico,Haas F1 Team,haas,0,+1 Lap,1:17.232,203.278,932.0,0,0.0
8,2023,16,zhou,Zhou,Guanyu,Alfa Romeo,alfa,0,+1 Lap,1:17.090,203.652,10.0,0,0.0
8,2023,17,kevin_magnussen,Magnussen,Kevin,Haas F1 Team,haas,0,+1 Lap,1:16.126,206.231,262.0,0,0.0
8,2023,18,de_vries,de Vries,Nyck,AlphaTauri,alphatauri,0,+1 Lap,1:16.656,204.805,2.0,0,0.0
8,2023,19,russell,Russell,George,Mercedes,mercedes,0,Brakes,1:17.097,203.634,341.0,0,1.0
8,2023,20,sargeant,Sargeant,Logan,Williams,williams,0,Engine,1:18.437,200.155,0.0,0,0.0
9,2023,1,max_verstappen,Verstappen,Max,Red Bull,red_bull,26,Finished,1:07.012,231.970,2619.5,1,45.0
9,2023,2,leclerc,Leclerc,Charles,Ferrari,ferrari,18,Finished,1:08.820,225.876,916.0,0,5.0
9,2023,3,perez,Pérez,Sergio,Red Bull,red_bull,15,Finished,1:08.111,228.227,1787.0,0,6.0
9,2023,4,norris,Norris,Lando,McLaren,mclaren,12,Finished,1:08.739,226.142,446.0,0,0.0
9,2023,5,alonso,Alonso,Fernando,Aston Martin,aston_martin,10,Finished,1:09.108,224.934,4034.0,0,64.0
9,2023,6,sainz,Sainz,Carlos,Ferrari,ferrari,8,Finished,1:08.880,225.679,953.5,0,1.0
9,2023,7,russell,Russell,George,Mercedes,mercedes,6,Finished,1:09.283,224.366,347.0,0,1.0
9,2023,8,hamilton,Hamilton,Lewis,Mercedes,mercedes,4,Finished,1:09.160,224.765,7110.5,0,165.0
9,2023,9,stroll,Stroll,Lance,Aston Martin,aston_martin,2,Finished,1:08.463,227.054,272.0,0,0.0
9,2023,10,gasly,Gasly,Pierre,Alpine F1 Team,alpine,1,Finished,1:09.046,225.136,348.0,0,1.0
9,2023,11,albon,Albon,Alexander,Williams,williams,0,Finished,1:09.560,223.473,208.0,0,0.0
9,2023,12,zhou,Zhou,Guanyu,Alfa Romeo,alfa,0,+1 Lap,1:09.786,222.749,10.0,0,0.0
9,2023,13,sargeant,Sargeant,Logan,Williams,williams,0,+1 Lap,1:09.611,223.309,0.0,0,0.0
9,2023,14,ocon,Ocon,Esteban,Alpine F1 Team,alpine,0,+1 Lap,1:09.797,222.714,477.0,0,1.0
9,2023,15,bottas,Bottas,Valtteri,Alfa Romeo,alfa,0,+1 Lap,1:09.940,222.259,2499.0,0,13.0
9,2023,16,piastri,Piastri,Oscar,McLaren,mclaren,0,+1 Lap,1:09.862,222.507,5.0,0,0.0
9,2023,17,de_vries,de Vries,Nyck,AlphaTauri,alphatauri,0,+1 Lap,1:09.852,222.539,2.0,0,0.0
9,2023,18,kevin_magnussen,Magnussen,Kevin,Haas F1 Team,haas,0,+1 Lap,1:10.176,221.511,262.0,0,0.0
9,2023,19,tsunoda,Tsunoda,Yuki,AlphaTauri,alphatauri,0,+1 Lap,1:09.620,223.280,46.0,0,0.0
9,2023,20,hulkenberg,Hülkenberg,Nico,Haas F1 Team,haas,0,Power loss,1:11.066,218.737,932.0,0,0.0
10,2023,1,max_verstappen,Verstappen,Max,Red Bull,red_bull,26,Finished,1:30.275,234.922,2645.5,1,46.0
10,2023,2,norris,Norris,Lando,McLaren,mclaren,18,Finished,1:30.543,234.226,464.0,0,0.0
10,2023,3,hamilton,Hamilton,Lewis,Mercedes,mercedes,15,Finished,1:30.545,234.221,7125.5,0,165.0
10,2023,4,piastri,Piastri,Oscar,McLaren,mclaren,12,Finished,1:30.850,233.435,17.0,0,0.0
10,2023,5,russell,Russell,George,Mercedes,mercedes,10,Finished,1:31.124,232.733,357.0,0,1.0
10,2023,6,perez,Pérez,Sergio,Red Bull,red_bull,8,Finished,1:30.914,233.271,1795.0,0,6.0
10,2023,7,alonso,Alonso,Fernando,Aston Martin,aston_martin,6,Finished,1:31.338,232.188,4040.0,0,64.0
10,2023,8,albon,Albon,Alexander,Williams,williams,4,Finished,1:31.273,232.353,212.0,0,0.0
10,2023,9,leclerc,Leclerc,Charles,Ferrari,ferrari,2,Finished,1:31.255,232.399,918.0,0,5.0
10,2023,10,sainz,Sainz,Carlos,Ferrari,ferrari,1,Finished,1:31.366,232.116,954.5,0,1.0
10,2023,11,sargeant,Sargeant,Logan,Williams,williams,0,Finished,1:31.699,231.274,0.0,0,0.0
10,2023,12,bottas,Bottas,Valtteri,Alfa Romeo,alfa,0,Finished,1:31.852,230.888,2499.0,0,13.0
10,2023,13,hulkenberg,Hülkenberg,Nico,Haas F1 Team,haas,0,Finished,1:31.776,231.080,932.0,0,0.0
10,2023,14,stroll,Stroll,Lance,Aston Martin,aston_martin,0,Finished,1:31.508,231.756,272.0,0,0.0
10,2023,15,zhou,Zhou,Guanyu,Alfa Romeo,alfa,0,Finished,1:31.769,231.097,10.0,0,0.0
10,2023,16,tsunoda,Tsunoda,Yuki,AlphaTauri,alphatauri,0,Finished,1:32.084,230.307,46.0,0,0.0
10,2023,17,de_vries,de Vries,Nyck,AlphaTauri,alphatauri,0,Finished,1:32.353,229.636,2.0,0,0.0
10,2023,18,gasly,Gasly,Pierre,Alpine F1 Team,alpine,0,Collision damage,1:31.539,231.678,348.0,0,1.0
10,2023,19,kevin_magnussen,Magnussen,Kevin,Haas F1 Team,haas,0,Engine,1:33.356,227.169,262.0,0,0.0
10,2023,20,ocon,Ocon,Esteban,Alpine F1 Team,alpine,0,Oil leak,1:33.941,225.754,477.0,0,1.0
11,2023,1,max_verstappen,Verstappen,Max,Red Bull,red_bull,26,Finished,1:20.504,195.910,2671.5,1,47.0
11,2023,2,norris,Norris,Lando,McLaren,mclaren,18,Finished,1:22.178,191.919,482.0,0,0.0
11,2023,3,perez,Pérez,Sergio,Red Bull,red_bull,15,Finished,1:22.295,191.647,1810.0,0,6.0
11,2023,4,hamilton,Hamilton,Lewis,Mercedes,mercedes,12,Finished,1:21.601,193.277,7137.5,0,165.0
11,2023,5,piastri,Piastri,Oscar,McLaren,mclaren,10,Finished,1:22.736,190.625,27.0,0,0.0
11,2023,6,russell,Russell,George,Mercedes,mercedes,8,Finished,1:22.158,191.966,365.0,0,1.0
11,2023,7,leclerc,Leclerc,Charles,Ferrari,ferrari,6,Finished,1:22.469,191.242,924.0,0,5.0
11,2023,8,sainz,Sainz,Carlos,Ferrari,ferrari,4,Finished,1:22.584,190.976,958.5,0,1.0
11,2023,9,alonso,Alonso,Fernando,Aston Martin,aston_martin,2,Finished,1:22.745,190.604,4042.0,0,64.0
11,2023,10,stroll,Stroll,Lance,Aston Martin,aston_martin,1,+1 Lap,1:23.425,189.051,273.0,0,0.0
11,2023,11,albon,Albon,Alexander,Williams,williams,0,+1 Lap,1:24.051,187.643,212.0,0,0.0
11,2023,12,bottas,Bottas,Valtteri,Alfa Romeo,alfa,0,+1 Lap,1:23.651,188.540,2499.0,0,13.0
11,2023,13,ricciardo,Ricciardo,Daniel,AlphaTauri,alphatauri,0,+1 Lap,1:23.934,187.904,2123.0,0,13.0
11,2023,14,hulkenberg,Hülkenberg,Nico,Haas F1 Team,haas,0,+1 Lap,1:23.573,188.716,932.0,0,0.0
11,2023,15,tsunoda,Tsunoda,Yuki,AlphaTauri,alphatauri,0,+1 Lap,1:23.269,189.405,46.0,0,0.0
11,2023,16,zhou,Zhou,Guanyu,Alfa Romeo,alfa,0,+1 Lap,1:23.743,188.333,10.0,0,0.0
11,2023,17,kevin_magnussen,Magnussen,Kevin,Haas F1 Team,haas,0,+1 Lap,1:23.864,188.061,262.0,0,0.0
11,2023,18,sargeant,Sargeant,Logan,Williams,williams,0,Retired,1:23.496,188.890,0.0,0,0.0
11,2023,19,ocon,Ocon,Esteban,Alpine F1 Team,alpine,0,Collision damage,,,477.0,0,1.0
11,2023,20,gasly,Gasly,Pierre,Alpine F1 Team,alpine,0,Collision damage,,,348.0,0,1.0
12,2023,1,max_verstappen,Verstappen,Max,Red Bull,red_bull,25,Finished,1:48.922,231.490,2696.5,1,48.0
12,2023,2,perez,Pérez,Sergio,Red Bull,red_bull,18,Finished,1:50.308,228.581,1828.0,0,6.0
12,2023,3,leclerc,Leclerc,Charles,Ferrari,ferrari,15,Finished,1:50.436,228.316,939.0,0,5.0
12,2023,4,hamilton,Hamilton,Lewis,Mercedes,mercedes,13,Finished,1:47.305,234.978,7150.5,0,165.0
12,2023,5,alonso,Alonso,Fernando,Aston Martin,aston_martin,10,Finished,1:50.938,227.283,4052.0,0,64.0
12,2023,6,russell,Russell,George,Mercedes,mercedes,8,Finished,1:50.603,227.972,373.0,0,1.0
12,2023,7,norris,Norris,Lando,McLaren,mclaren,6,Finished,1:51.682,225.769,488.0,0,0.0
12,2023,8,ocon,Ocon,Esteban,Alpine F1 Team,alpine,4,Finished,1:50.439,228.310,481.0,0,1.0
12,2023,9,stroll,Stroll,Lance,Aston Martin,aston_martin,2,Finished,1:51.297,226.550,275.0,0,0.0
12,2023,10,tsunoda,Tsunoda,Yuki,AlphaTauri,alphatauri,1,Finished,1:51.394,226.353,47.0,0,0.0
12,2023,11,gasly,Gasly,Pierre,Alpine F1 Team,alpine,0,Finished,1:50.911,227.339,348.0,0,1.0
12,2023,12,bottas,Bottas,Valtteri,Alfa Romeo,alfa,0,Finished,1:50.515,228.153,2499.0,0,13.0
12,2023,13,zhou,Zhou,Guanyu,Alfa Romeo,alfa,0,Finished,1:50.188,228.830,10.0,0,0.0
12,2023,14,albon,Albon,Alexander,Williams,williams,0,Finished,1:49.841,229.553,212.0,0,0.0
12,2023,15,kevin_magnussen,Magnussen,Kevin,Haas F1 Team,haas,0,Finished,1:50.993,227.171,262.0,0,0.0
12,2023,16,ricciardo,Ricciardo,Daniel,AlphaTauri,alphatauri,0,Finished,1:50.994,227.169,2123.0,0,13.0
12,2023,17,sargeant,Sargeant,Logan,Williams,williams,0,Finished,1:50.486,228.213,0.0,0,0.0
12,2023,18,hulkenberg,Hülkenberg,Nico,Haas F1 Team,haas,0,Finished,1:49.907,229.415,932.0,0,0.0
12,2023,19,sainz,Sainz,Carlos,Ferrari,ferrari,0,Collision damage,1:53.138,222.864,958.5,0,1.0
12,2023,20,piastri,Piastri,Oscar,McLaren,mclaren,0,Collision damage,,,27.0,0,0.0
13,2023,1,max_verstappen,Verstappen,Max,Red Bull,red_bull,25,Finished,1:13.889,207.505,2721.5,1,49.0
13,2023,2,alonso,Alonso,Fernando,Aston Martin,aston_martin,19,Finished,1:13.837,207.651,4071.0,0,64.0
13,2023,3,gasly,Gasly,Pierre,Alpine F1 Team,alpine,15,Finished,1:14.441,205.967,363.0,0,1.0
13,2023,4,perez,Pérez,Sergio,Red Bull,red_bull,12,Finished,1:14.231,206.549,1840.0,0,6.0
13,2023,5,sainz,Sainz,Carlos,Ferrari,ferrari,10,Finished,1:14.934,204.612,968.5,0,1.0
13,2023,6,hamilton,Hamilton,Lewis,Mercedes,mercedes,8,Finished,1:13.904,207.463,7158.5,0,165.0
13,2023,7,norris,Norris,Lando,McLaren,mclaren,6,Finished,1:14.390,206.108,494.0,0,0.0
13,2023,8,albon,Albon,Alexander,Williams,williams,4,Finished,1:14.468,205.892,216.0,0,0.0
13,2023,9,piastri,Piastri,Oscar,McLaren,mclaren,2,Finished,1:14.299,206.360,29.0,0,0.0
13,2023,10,ocon,Ocon,Esteban,Alpine F1 Team,alpine,1,Finished,1:14.570,205.610,482.0,0,1.0
13,2023,11,stroll,Stroll,Lance,Aston Martin,aston_martin,0,Finished,1:15.171,203.966,275.0,0,0.0
13,2023,12,hulkenberg,Hülkenberg,Nico,Haas F1 Team,haas,0,Finished,1:14.472,205.881,932.0,0,0.0
13,2023,13,lawson,Lawson,Liam,AlphaTauri,alphatauri,0,Finished,1:14.820,204.923,0.0,0,0.0
13,2023,14,bottas,Bottas,Valtteri,Alfa Romeo,alfa,0,Finished,1:14.698,205.258,2499.0,0,13.0
13,2023,15,tsunoda,Tsunoda,Yuki,AlphaTauri,alphatauri,0,Finished,1:16.253,201.072,47.0,0,0.0
13,2023,16,kevin_magnussen,Magnussen,Kevin,Haas F1 Team,haas,0,Finished,1:15.489,203.107,262.0,0,0.0
13,2023,17,russell,Russell,George,Mercedes,mercedes,0,Finished,1:15.124,204.094,373.0,0,1.0
13,2023,18,zhou,Zhou,Guanyu,Alfa Romeo,alfa,0,Accident,1:15.417,203.301,10.0,0,0.0
13,2023,19,leclerc,Leclerc,Charles,Ferrari,ferrari,0,Undertray,1:17.277,198.408,939.0,0,5.0
13,2023,20,sargeant,Sargeant,Logan,Williams,williams,0,Accident,1:17.399,198.095,0.0,0,0.0
14,2023,1,max_verstappen,Verstappen,Max,Red Bull,red_bull,25,Finished,1:25.240,244.659,2746.5,1,50.0
14,2023,2,perez,Pérez,Sergio,Red Bull,red_bull,18,Finished,1:25.522,243.853,1858.0,0,6.0
14,2023,3,sainz,Sainz,Carlos,Ferrari,ferrari,15,Finished,1:25.501,243.912,983.5,0,1.0
14,2023,4,leclerc,Leclerc,Charles,Ferrari,ferrari,12,Finished,1:25.580,243.687,951.0,0,5.0
14,2023,5,russell,Russell,George,Mercedes,mercedes,10,Finished,1:25.847,242.929,383.0,0,1.0
14,2023,6,hamilton,Hamilton,Lewis,Mercedes,mercedes,8,Finished,1:25.582,243.682,7166.5,0,165.0
14,2023,7,albon,Albon,Alexander,Williams,williams,6,Finished,1:26.389,241.405,222.0,0,0.0
14,2023,8,norris,Norris,Lando,McLaren,mclaren,4,Finished,1:26.144,242.092,498.0,0,0.0
14,2023,9,alonso,Alonso,Fernando,Aston Martin,aston_martin,2,Finished,1:26.105,242.201,4073.0,0,64.0
14,2023,10,bottas,Bottas,Valtteri,Alfa Romeo,alfa,1,Finished,1:25.988,242.531,2500.0,0,13.0
14,2023,11,lawson,Lawson,Liam,AlphaTauri,alphatauri,0,Finished,1:25.842,242.944,0.0,0,0.0
14,2023,12,piastri,Piastri,Oscar,McLaren,mclaren,0,Finished,1:25.072,245.142,29.0,0,0.0
14,2023,13,sargeant,Sargeant,Logan,Williams,williams,0,Finished,1:26.840,240.152,0.0,0,0.0
14,2023,14,zhou,Zhou,Guanyu,Alfa Romeo,alfa,0,Finished,1:25.983,242.545,10.0,0,0.0
14,2023,15,gasly,Gasly,Pierre,Alpine F1 Team,alpine,0,Finished,1:25.758,243.181,363.0,0,1.0
14,2023,16,stroll,Stroll,Lance,Aston Martin,aston_martin,0,Finished,1:26.617,240.770,275.0,0,0.0
14,2023,17,hulkenberg,Hülkenberg,Nico,Haas F1 Team,haas,0,+1 Lap,1:25.894,242.796,932.0,0,0.0
14,2023,18,kevin_magnussen,Magnussen,Kevin,Haas F1 Team,haas,0,+1 Lap,1:26.278,241.716,262.0,0,0.0
14,2023,19,ocon,Ocon,Esteban,Alpine F1 Team,alpine,0,Steering,1:26.963,239.812,482.0,0,1.0
14,2023,20,tsunoda,Tsunoda,Yuki,AlphaTauri,alphatauri,0,Engine,,,47.0,0,0.0
15,2023,1,sainz,Sainz,Carlos,Ferrari,ferrari,25,Finished,1:37.666,182.089,1008.5,1,2.0
15,2023,2,norris,Norris,Lando,McLaren,mclaren,18,Finished,1:38.046,181.384,516.0,0,0.0
15,2023,3,hamilton,Hamilton,Lewis,Mercedes,mercedes,16,Finished,1:35.867,185.507,7182.5,0,165.0
15,2023,4,leclerc,Leclerc,Charles,Ferrari,ferrari,12,Finished,1:38.275,180.961,963.0,0,5.0
15,2023,5,max_verstappen,Verstappen,Max,Red Bull,red_bull,10,Finished,1:36.575,184.147,2756.5,0,50.0
15,2023,6,gasly,Gasly,Pierre,Alpine F1 Team,alpine,8,Finished,1:38.277,180.957,371.0,0,1.0
15,2023,7,piastri,Piastri,Oscar,McLaren,mclaren,6,Finished,1:38.492,180.562,35.0,0,0.0
15,2023,8,perez,Pérez,Sergio,Red Bull,red_bull,4,Finished,1:37.108,183.136,1862.0,0,6.0
15,2023,9,lawson,Lawson,Liam,AlphaTauri,alphatauri,2,Finished,1:39.028,179.585,2.0,0,0.0
15,2023,10,kevin_magnussen,Magnussen,Kevin,Haas F1 Team,haas,1,Finished,1:38.107,181.271,263.0,0,0.0
15,2023,11,albon,Albon,Alexander,Williams,williams,0,Finished,1:37.342,182.696,222.0,0,0.0
15,2023,12,zhou,Zhou,Guanyu,Alfa Romeo,alfa,0,Finished,1:39.316,179.064,10.0,0,0.0
15,2023,13,hulkenberg,Hülkenberg,Nico,Haas F1 Team,haas,0,Finished,1:39.923,177.977,932.0,0,0.0
15,2023,14,sargeant,Sargeant,Logan,Williams,williams,0,Finished,1:38.531,180.491,0.0,0,0.0
15,2023,15,alonso,Alonso,Fernando,Aston Martin,aston_martin,0,Finished,1:36.456,184.374,4073.0,0,64.0
15,2023,16,russell,Russell,George,Mercedes,mercedes,0,Accident,1:36.273,184.724,383.0,0,1.0
15,2023,17,bottas,Bottas,Valtteri,Alfa Romeo,alfa,0,Technical,1:38.075,181.330,2500.0,0,13.0
15,2023,18,ocon,Ocon,Esteban,Alpine F1 Team,alpine,0,Gearbox,1:39.930,177.964,482.0,0,1.0
15,2023,19,tsunoda,Tsunoda,Yuki,AlphaTauri,alphatauri,0,Collision,,,47.0,0,0.0
15,2023,20,stroll,Stroll,Lance,Aston Martin,aston_martin,0,Withdrew,,,275.0,0,0.0
16,2023,1,max_verstappen,Verstappen,Max,Red Bull,red_bull,26,Finished,1:34.183,221.963,2782.5,1,51.0
16,2023,2,norris,Norris,Lando,McLaren,mclaren,18,Finished,1:35.247,219.484,534.0,0,0.0
16,2023,3,piastri,Piastri,Oscar,McLaren,mclaren,15,Finished,1:36.328,217.021,50.0,0,0.0
16,2023,4,leclerc,Leclerc,Charles,Ferrari,ferrari,12,Finished,1:36.362,216.944,975.0,0,5.0
16,2023,5,hamilton,Hamilton,Lewis,Mercedes,mercedes,10,Finished,1:35.611,218.648,7192.5,0,165.0
16,2023,6,sainz,Sainz,Carlos,Ferrari,ferrari,8,Finished,1:36.187,217.339,1016.5,0,2.0
16,2023,7,russell,Russell,George,Mercedes,mercedes,6,Finished,1:37.653,214.076,389.0,0,1.0
16,2023,8,alonso,Alonso,Fernando,Aston Martin,aston_martin,4,Finished,1:37.203,215.067,4077.0,0,64.0
16,2023,9,ocon,Ocon,Esteban,Alpine F1 Team,alpine,2,Finished,1:37.398,214.636,484.0,0,1.0
16,2023,10,gasly,Gasly,Pierre,Alpine F1 Team,alpine,1,Finished,1:36.371,216.924,372.0,0,1.0
16,2023,11,lawson,Lawson,Liam,AlphaTauri,alphatauri,0,+1 Lap,1:38.267,212.738,2.0,0,0.0
16,2023,12,tsunoda,Tsunoda,Yuki,AlphaTauri,alphatauri,0,+1 Lap,1:37.768,213.824,47.0,0,0.0
16,2023,13,zhou,Zhou,Guanyu,Alfa Romeo,alfa,0,+1 Lap,1:37.791,213.774,10.0,0,0.0
16,2023,14,hulkenberg,Hülkenberg,Nico,Haas F1 Team,haas,0,+1 Lap,1:37.250,214.963,932.0,0,0.0
16,2023,15,kevin_magnussen,Magnussen,Kevin,Haas F1 Team,haas,0,+1 Lap,1:37.842,213.662,263.0,0,0.0
16,2023,16,albon,Albon,Alexander,Williams,williams,0,Collision damage,1:39.185,210.769,222.0,0,0.0
16,2023,17,sargeant,Sargeant,Logan,Williams,williams,0,Collision damage,1:38.848,211.488,0.0,0,0.0
16,2023,18,stroll,Stroll,Lance,Aston Martin,aston_martin,0,Rear wing,1:39.050,211.057,275.0,0,0.0
16,2023,19,perez,Pérez,Sergio,Red Bull,red_bull,0,Collision damage,1:39.704,209.672,1862.0,0,6.0
16,2023,20,bottas,Bottas,Valtteri,Alfa Romeo,alfa,0,Collision damage,2:02.755,170.300,2500.0,0,13.0
17,2023,1,max_verstappen,Verstappen,Max,Red Bull,red_bull,26,Finished,1:24.319,231.364,2808.5,1,52.0
17,2023,2,piastri,Piastri,Oscar,McLaren,mclaren,18,Finished,1:24.921,229.724,68.0,0,0.0
17,2023,3,norris,Norris,Lando,McLaren,mclaren,15,Finished,1:24.842,229.938,549.0,0,0.0
17,2023,4,russell,Russell,George,Mercedes,mercedes,12,Finished,1:25.770,227.450,401.0,0,1.0
17,2023,5,leclerc,Leclerc,Charles,Ferrari,ferrari,10,Finished,1:24.992,229.532,985.0,0,5.0
17,2023,6,alonso,Alonso,Fernando,Aston Martin,aston_martin,8,Finished,1:26.045,226.723,4085.0,0,64.0
17,2023,7,ocon,Ocon,Esteban,Alpine F1 Team,alpine,6,Finished,1:26.450,225.661,490.0,0,1.0
17,2023,8,bottas,Bottas,Valtteri,Alfa Romeo,alfa,4,Finished,1:26.652,225.135,2504.0,0,13.0
17,2023,9,zhou,Zhou,Guanyu,Alfa Romeo,alfa,2,Finished,1:26.323,225.993,12.0,0,0.0
17,2023,10,perez,Pérez,Sergio,Red Bull,red_bull,1,Finished,1:26.220,226.263,1863.0,0,6.0
17,2023,11,stroll,Stroll,Lance,Aston Martin,aston_martin,0,Finished,1:26.352,225.917,275.0,0,0.0
17,2023,12,gasly,Gasly,Pierre,Alpine F1 Team,alpine,0,Finished,1:26.310,226.027,372.0,0,1.0
17,2023,13,albon,Albon,Alexander,Williams,williams,0,Finished,1:26.666,225.098,222.0,0,0.0
17,2023,14,kevin_magnussen,Magnussen,Kevin,Haas F1 Team,haas,0,+1 Lap,1:27.067,224.061,263.0,0,0.0
17,2023,15,tsunoda,Tsunoda,Yuki,AlphaTauri,alphatauri,0,+1 Lap,1:27.174,223.786,47.0,0,0.0
17,2023,16,hulkenberg,Hülkenberg,Nico,Haas F1 Team,haas,0,+1 Lap,1:26.489,225.559,932.0,0,0.0
17,2023,17,lawson,Lawson,Liam,AlphaTauri,alphatauri,0,+1 Lap,1:27.113,223.943,2.0,0,0.0
17,2023,18,sargeant,Sargeant,Logan,Williams,williams,0,Illness,1:27.983,221.729,0.0,0,0.0
17,2023,19,hamilton,Hamilton,Lewis,Mercedes,mercedes,0,Collision,,,7192.5,0,165.0
17,2023,20,sainz,Sainz,Carlos,Ferrari,ferrari,0,Fuel leak,,,1016.5,0,2.0
18,2023,1,max_verstappen,Verstappen,Max,Red Bull,red_bull,25,Finished,1:40.028,198.412,2833.5,1,53.0
18,2023,2,norris,Norris,Lando,McLaren,mclaren,18,Finished,1:39.985,198.497,567.0,0,0.0
18,2023,3,sainz,Sainz,Carlos,Ferrari,ferrari,15,Finished,1:40.034,198.400,1031.5,0,2.0
18,2023,4,perez,Pérez,Sergio,Red Bull,red_bull,12,Finished,1:39.737,198.991,1875.0,0,6.0
18,2023,5,russell,Russell,George,Mercedes,mercedes,10,Finished,1:39.393,199.680,411.0,0,1.0
18,2023,6,gasly,Gasly,Pierre,Alpine F1 Team,alpine,8,Finished,1:40.412,197.653,380.0,0,1.0
18,2023,7,stroll,Stroll,Lance,Aston Martin,aston_martin,6,Finished,1:39.908,198.650,281.0,0,0.0
18,2023,8,tsunoda,Tsunoda,Yuki,AlphaTauri,alphatauri,5,Finished,1:38.139,202.231,52.0,0,0.0
18,2023,9,albon,Albon,Alexander,Williams,williams,2,Finished,1:41.371,195.783,224.0,0,0.0
18,2023,10,sargeant,Sargeant,Logan,Williams,williams,1,Finished,1:41.238,196.041,1.0,0,0.0
18,2023,11,hulkenberg,Hülkenberg,Nico,Haas F1 Team,haas,0,Finished,1:40.925,196.648,932.0,0,0.0
18,2023,12,bottas,Bottas,Valtteri,Alfa Romeo,alfa,0,Finished,1:41.972,194.629,2504.0,0,13.0
18,2023,13,zhou,Zhou,Guanyu,Alfa Romeo,alfa,0,+1 Lap,1:41.879,194.807,12.0,0,0.0
18,2023,14,kevin_magnussen,Magnussen,Kevin,Haas F1 Team,haas,0,+1 Lap,1:41.506,195.523,263.0,0,0.0
18,2023,15,ricciardo,Ricciardo,Daniel,AlphaTauri,alphatauri,0,+1 Lap,1:39.366,199.734,2123.0,0,13.0
18,2023,16,alonso,Alonso,Fernando,Aston Martin,aston_martin,0,Undertray,1:39.954,198.559,4085.0,0,64.0
18,2023,17,piastri,Piastri,Oscar,McLaren,mclaren,0,Radiator,1:42.705,193.240,68.0,0,0.0
18,2023,18,ocon,Ocon,Esteban,Alpine F1 Team,alpine,0,Collision damage,1:44.789,189.397,490.0,0,1.0
18,2023,19,hamilton,Hamilton,Lewis,Mercedes,mercedes,0,Disqualified,1:39.582,199.301,7192.5,0,165.0
18,2023,20,leclerc,Leclerc,Charles,Ferrari,ferrari,0,Disqualified,,,985.0,0,5.0
19,2023,1,max_verstappen,Verstappen,Max,Red Bull,red_bull,25,Finished,1:21.644,189.780,2858.5,1,54.0
19,2023,2,hamilton,Hamilton,Lewis,Mercedes,mercedes,19,Finished,1:21.334,190.503,7211.5,0,165.0
19,2023,3,leclerc,Leclerc,Charles,Ferrari,ferrari,15,Finished,1:22.332,188.194,1000.0,0,5.0
19,2023,4,sainz,Sainz,Carlos,Ferrari,ferrari,12,Finished,1:22.539,187.722,1043.5,0,2.0
19,2023,5,norris,Norris,Lando,McLaren,mclaren,10,Finished,1:21.944,189.085,577.0,0,0.0
19,2023,6,russell,Russell,George,Mercedes,mercedes,8,Finished,1:22.780,187.175,419.0,0,1.0
19,2023,7,ricciardo,Ricciardo,Daniel,AlphaTauri,alphatauri,6,Finished,1:22.679,187.404,2129.0,0,13.0
19,2023,8,piastri,Piastri,Oscar,McLaren,mclaren,4,Finished,1:22.760,187.220,72.0,0,0.0
19,2023,9,albon,Albon,Alexander,Williams,williams,2,Finished,1:22.773,187.191,226.0,0,0.0
19,2023,10,ocon,Ocon,Esteban,Alpine F1 Team,alpine,1,Finished,1:22.976,186.733,491.0,0,1.0
19,2023,11,gasly,Gasly,Pierre,Alpine F1 Team,alpine,0,Finished,1:23.230,186.163,380.0,0,1.0
19,2023,12,tsunoda,Tsunoda,Yuki,AlphaTauri,alphatauri,0,Finished,1:22.501,187.808,52.0,0,0.0
19,2023,13,hulkenberg,Hülkenberg,Nico,Haas F1 Team,haas,0,Finished,1:23.222,186.181,932.0,0,0.0
19,2023,14,zhou,Zhou,Guanyu,Alfa Romeo,alfa,0,Finished,1:23.567,185.412,12.0,0,0.0
19,2023,15,bottas,Bottas,Valtteri,Alfa Romeo,alfa,0,Finished,1:23.166,186.306,2504.0,0,13.0
19,2023,16,sargeant,Sargeant,Logan,Williams,williams,0,Retired,1:23.003,186.672,1.0,0,0.0
19,2023,17,stroll,Stroll,Lance,Aston Martin,aston_martin,0,Collision damage,1:23.257,186.103,281.0,0,0.0
19,2023,18,alonso,Alonso,Fernando,Aston Martin,aston_martin,0,Withdrew,1:23.531,185.492,4085.0,0,64.0
19,2023,19,kevin_magnussen,Magnussen,Kevin,Haas F1 Team,haas,0,Accident,1:23.146,186.351,263.0,0,0.0
19,2023,20,perez,Pérez,Sergio,Red Bull,red_bull,0,Collision damage,,,1875.0,0,6.0
20,2023,1,max_verstappen,Verstappen,Max,Red Bull,red_bull,25,Finished,1:13.422,211.277,2883.5,1,55.0
20,2023,2,norris,Norris,Lando,McLaren,mclaren,19,Finished,1:12.486,214.005,596.0,0,0.0
20,2023,3,alonso,Alonso,Fernando,Aston Martin,aston_martin,15,Finished,1:14.442,208.382,4100.0,0,64.0
20,2023,4,perez,Pérez,Sergio,Red Bull,red_bull,12,Finished,1:14.124,209.276,1887.0,0,6.0
20,2023,5,stroll,Stroll,Lance,Aston Martin,aston_martin,10,Finished,1:14.007,209.607,291.0,0,0.0
20,2023,6,sainz,Sainz,Carlos,Ferrari,ferrari,8,Finished,1:14.406,208.483,1051.5,0,2.0
20,2023,7,gasly,Gasly,Pierre,Alpine F1 Team,alpine,6,Finished,1:14.521,208.161,386.0,0,1.0
20,2023,8,hamilton,Hamilton,Lewis,Mercedes,mercedes,4,Finished,1:14.739,207.554,7215.5,0,165.0
20,2023,9,tsunoda,Tsunoda,Yuki,AlphaTauri,alphatauri,2,Finished,1:14.231,208.974,54.0,0,0.0
20,2023,10,ocon,Ocon,Esteban,Alpine F1 Team,alpine,1,+1 Lap,1:14.206,209.045,492.0,0,1.0
20,2023,11,sargeant,Sargeant,Logan,Williams,williams,0,+1 Lap,1:15.738,204.816,1.0,0,0.0
20,2023,12,hulkenberg,Hülkenberg,Nico,Haas F1 Team,haas,0,+1 Lap,1:15.036,206.732,932.0,0,0.0
20,2023,13,ricciardo,Ricciardo,Daniel,AlphaTauri,alphatauri,0,+1 Lap,1:13.866,210.007,2129.0,0,13.0
20,2023,14,piastri,Piastri,Oscar,McLaren,mclaren,0,+2 Laps,1:14.310,208.752,72.0,0,0.0
20,2023,15,russell,Russell,George,Mercedes,mercedes,0,Overheating,1:14.934,207.014,419.0,0,1.0
20,2023,16,bottas,Bottas,Valtteri,Alfa Romeo,alfa,0,Engine,1:15.731,204.835,2504.0,0,13.0
20,2023,17,zhou,Zhou,Guanyu,Alfa Romeo,alfa,0,Engine,1:16.232,203.489,12.0,0,0.0
20,2023,18,kevin_magnussen,Magnussen,Kevin,Haas F1 Team,haas,0,Collision,,,263.0,0,0.0
20,2023,19,albon,Albon,Alexander,Williams,williams,0,Collision,,,226.0,0,0.0
20,2023,20,leclerc,Leclerc,Charles,Ferrari,ferrari,0,Engine,,,1000.0,0,5.0
21,2023,1,max_verstappen,Verstappen,Max,Red Bull,red_bull,25,Finished,1:35.614,233.476,2908.5,1,56.0
21,2023,2,leclerc,Leclerc,Charles,Ferrari,ferrari,18,Finished,1:35.669,233.342,1018.0,0,5.0
21,2023,3,perez,Pérez,Sergio,Red Bull,red_bull,15,Finished,1:35.939,232.685,1902.0,0,6.0
21,2023,4,ocon,Ocon,Esteban,Alpine F1 Team,alpine,12,Finished,1:36.637,231.004,504.0,0,1.0
21,2023,5,stroll,Stroll,Lance,Aston Martin,aston_martin,10,Finished,1:36.584,231.131,301.0,0,0.0
21,2023,6,sainz,Sainz,Carlos,Ferrari,ferrari,8,Finished,1:35.984,232.576,1059.5,0,2.0
21,2023,7,hamilton,Hamilton,Lewis,Mercedes,mercedes,6,Finished,1:35.716,233.227,7221.5,0,165.0
21,2023,8,russell,Russell,George,Mercedes,mercedes,4,Finished,1:36.071,232.365,423.0,0,1.0
21,2023,9,alonso,Alonso,Fernando,Aston Martin,aston_martin,2,Finished,1:36.559,231.191,4102.0,0,64.0
21,2023,10,piastri,Piastri,Oscar,McLaren,mclaren,2,Finished,1:35.490,233.779,74.0,0,0.0
21,2023,11,gasly,Gasly,Pierre,Alpine F1 Team,alpine,0,Finished,1:36.913,230.346,386.0,0,1.0
21,2023,12,albon,Albon,Alexander,Williams,williams,0,Finished,1:37.357,229.296,226.0,0,0.0
21,2023,13,kevin_magnussen,Magnussen,Kevin,Haas F1 Team,haas,0,Finished,1:37.455,229.065,263.0,0,0.0
21,2023,14,ricciardo,Ricciardo,Daniel,AlphaTauri,alphatauri,0,Finished,1:37.108,229.884,2129.0,0,13.0
21,2023,15,zhou,Zhou,Guanyu,Alfa Romeo,alfa,0,Finished,1:37.375,229.253,12.0,0,0.0
21,2023,16,sargeant,Sargeant,Logan,Williams,williams,0,Finished,1:37.740,228.397,1.0,0,0.0
21,2023,17,bottas,Bottas,Valtteri,Alfa Romeo,alfa,0,Finished,1:37.562,228.814,2504.0,0,13.0
21,2023,18,tsunoda,Tsunoda,Yuki,AlphaTauri,alphatauri,0,Gearbox,1:37.587,228.755,54.0,0,0.0
21,2023,19,hulkenberg,Hülkenberg,Nico,Haas F1 Team,haas,0,Engine,1:37.565,228.807,932.0,0,0.0
21,2023,20,norris,Norris,Lando,McLaren,mclaren,0,Accident,1:59.327,187.079,596.0,0,0.0
22,2023,1,max_verstappen,Verstappen,Max,Red Bull,red_bull,26,Finished,1:26.993,218.541,2934.5,1,57.0
22,2023,2,leclerc,Leclerc,Charles,Ferrari,ferrari,18,Finished,1:28.199,215.553,1036.0,0,5.0
22,2023,3,russell,Russell,George,Mercedes,mercedes,15,Finished,1:28.187,215.582,438.0,0,1.0
22,2023,4,perez,Pérez,Sergio,Red Bull,red_bull,12,Finished,1:27.493,217.292,1914.0,0,6.0
22,2023,5,norris,Norris,Lando,McLaren,mclaren,10,Finished,1:28.164,215.639,606.0,0,0.0
22,2023,6,piastri,Piastri,Oscar,McLaren,mclaren,8,Finished,1:28.138,215.702,82.0,0,0.0
22,2023,7,alonso,Alonso,Fernando,Aston Martin,aston_martin,6,Finished,1:28.256,215.414,4108.0,0,64.0
22,2023,8,tsunoda,Tsunoda,Yuki,AlphaTauri,alphatauri,4,Finished,1:29.256,213.000,58.0,0,0.0
22,2023,9,hamilton,Hamilton,Lewis,Mercedes,mercedes,2,Finished,1:28.372,215.131,7223.5,0,165.0
22,2023,10,stroll,Stroll,Lance,Aston Martin,aston_martin,1,Finished,1:28.050,215.918,302.0,0,0.0
22,2023,11,ricciardo,Ricciardo,Daniel,AlphaTauri,alphatauri,0,Finished,1:28.571,214.648,2129.0,0,13.0
22,2023,12,ocon,Ocon,Esteban,Alpine F1 Team,alpine,0,Finished,1:30.033,211.162,504.0,0,1.0
22,2023,13,gasly,Gasly,Pierre,Alpine F1 Team,alpine,0,Finished,1:29.016,213.575,386.0,0,1.0
22,2023,14,albon,Albon,Alexander,Williams,williams,0,Finished,1:27.845,216.422,226.0,0,0.0
22,2023,15,hulkenberg,Hülkenberg,Nico,Haas F1 Team,haas,0,Finished,1:29.217,213.093,932.0,0,0.0
22,2023,16,sargeant,Sargeant,Logan,Williams,williams,0,Finished,1:28.580,214.626,1.0,0,0.0
22,2023,17,zhou,Zhou,Guanyu,Alfa Romeo,alfa,0,Finished,1:28.746,214.224,12.0,0,0.0
22,2023,18,sainz,Sainz,Carlos,Ferrari,ferrari,0,Retired,1:29.452,212.534,1059.5,0,2.0
22,2023,19,bottas,Bottas,Valtteri,Alfa Romeo,alfa,0,+1 Lap,1:29.863,211.562,2504.0,0,13.0
22,2023,20,kevin_magnussen,Magnussen,Kevin,Haas F1 Team,haas,0,+1 Lap,1:29.934,211.395,263.0,0,0.0
